name;type;n;r;time_avg;time_min;time_max
ikj_100;ikj;100;0;0.00016;0;0.001
ikj_125;ikj;125;0;0.00024;0;0.001
ikj_150;ikj;150;0;0.00092;0;0.001
ikj_175;ikj;175;0;0.00108;0.001;0.002
ikj_200;ikj;200;0;0.0014;0.001;0.002
ikj_225;ikj;225;0;0.00216;0.002;0.003
ikj_250;ikj;250;0;0.00304;0.002;0.004
ikj_275;ikj;275;0;0.00428;0.004;0.006
ikj_300;ikj;300;0;0.00492;0.004;0.005
ikj_325;ikj;325;0;0.00696;0.006;0.009
ikj_350;ikj;350;0;0.00828;0.008;0.01
ikj_375;ikj;375;0;0.01064;0.01;0.014
ikj_400;ikj;400;0;0.01056;0.01;0.013
ikj_425;ikj;425;0;0.01672;0.015;0.023
ikj_450;ikj;450;0;0.01692;0.016;0.018
ikj_475;ikj;475;0;0.02196;0.021;0.027
ikj_500;ikj;500;0;0.02128;0.02;0.026
ikj_525;ikj;525;0;0.02972;0.028;0.036
ikj_550;ikj;550;0;0.0318;0.031;0.036
ikj_575;ikj;575;0;0.03796;0.037;0.038
ikj_600;ikj;600;0;0.03624;0.035;0.039
ikj_625;ikj;625;0;0.0474;0.047;0.048
ikj_650;ikj;650;0;0.05324;0.052;0.059
ikj_675;ikj;675;0;0.06156;0.061;0.065
ikj_700;ikj;700;0;0.05792;0.057;0.058
ikj_725;ikj;725;0;0.075;0.074;0.076
ikj_750;ikj;750;0;0.08024;0.079;0.087
ikj_775;ikj;775;0;0.09232;0.091;0.098
ikj_800;ikj;800;0;0.08668;0.083;0.115
ikj_825;ikj;825;0;0.11248;0.11;0.123
ikj_850;ikj;850;0;0.11576;0.113;0.126
ikj_875;ikj;875;0;0.13504;0.133;0.143
ikj_900;ikj;900;0;0.1214;0.119;0.135
ikj_925;ikj;925;0;0.15832;0.155;0.17
ikj_950;ikj;950;0;0.16184;0.158;0.171
ikj_975;ikj;975;0;0.1854;0.182;0.194
ikj_1000;ikj;1000;0;0.17044;0.166;0.183
ikj_1025;ikj;1025;0;0.21084;0.207;0.222
ikj_1050;ikj;1050;0;0.22124;0.217;0.23
ikj_1075;ikj;1075;0;0.24844;0.246;0.258
ikj_1100;ikj;1100;0;0.2326;0.231;0.235
ikj_1125;ikj;1125;0;0.28828;0.285;0.301
ikj_1150;ikj;1150;0;0.30084;0.299;0.303
ikj_1175;ikj;1175;0;0.33668;0.334;0.342
ikj_1200;ikj;1200;0;0.32472;0.32;0.341
ikj_1225;ikj;1225;0;0.40268;0.398;0.428
ikj_1250;ikj;1250;0;0.40984;0.408;0.413
ikj_1275;ikj;1275;0;0.47368;0.466;0.492
ikj_1300;ikj;1300;0;0.44492;0.44;0.457
ikj_1325;ikj;1325;0;0.53732;0.532;0.563
ikj_1350;ikj;1350;0;0.57052;0.562;0.597
ikj_1375;ikj;1375;0;0.62016;0.616;0.637
ikj_1400;ikj;1400;0;0.5858;0.581;0.594
ikj_1425;ikj;1425;0;0.70108;0.698;0.717
ikj_1450;ikj;1450;0;0.70536;0.702;0.722
ikj_1475;ikj;1475;0;0.77832;0.772;0.791
ikj_1500;ikj;1500;0;0.73056;0.727;0.745
ikj_1525;ikj;1525;0;0.87412;0.87;0.885
ikj_1550;ikj;1550;0;0.89204;0.888;0.9
ikj_1575;ikj;1575;0;0.97004;0.966;0.999
ikj_1600;ikj;1600;0;0.89672;0.891;0.914
ikj_1625;ikj;1625;0;1.072;1.067;1.092
ikj_1650;ikj;1650;0;1.07932;1.074;1.099
ikj_1675;ikj;1675;0;1.17812;1.173;1.188
ikj_1700;ikj;1700;0;1.09548;1.089;1.119
ikj_1725;ikj;1725;0;1.29896;1.288;1.337
ikj_1750;ikj;1750;0;1.301;1.298;1.307
ikj_1775;ikj;1775;0;1.41724;1.411;1.436
ikj_1800;ikj;1800;0;1.30856;1.305;1.331
ikj_1825;ikj;1825;0;1.5332;1.528;1.546
ikj_1850;ikj;1850;0;1.5512;1.545;1.571
ikj_1875;ikj;1875;0;1.67172;1.663;1.705
ikj_1900;ikj;1900;0;1.55876;1.551;1.577
ikj_1925;ikj;1925;0;1.82208;1.808;1.884
ikj_1950;ikj;1950;0;1.83444;1.826;1.853
ikj_1975;ikj;1975;0;1.96632;1.959;2.01
ikj_2000;ikj;2000;0;1.82512;1.816;1.852
ikj_2025;ikj;2025;0;2.12924;2.12;2.15
ikj_2050;ikj;2050;0;2.14792;2.133;2.191
ikj_2075;ikj;2075;0;2.3062;2.295;2.342
ikj_2100;ikj;2100;0;2.1352;2.125;2.164
ikj_2125;ikj;2125;0;2.5024;2.492;2.528
ikj_2150;ikj;2150;0;2.50544;2.494;2.53
ikj_2175;ikj;2175;0;2.69736;2.689;2.731
ikj_2200;ikj;2200;0;2.4798;2.459;2.514
ikj_2225;ikj;2225;0;2.87124;2.868;2.884
ikj_2250;ikj;2250;0;2.88532;2.874;2.919
ijk_ikj_100_10;ijk_ikj;100;10;0.00016;0;0.001
ijk_ikj_100_20;ijk_ikj;100;20;0.0004;0;0.001
ijk_ikj_100_25;ijk_ikj;100;25;0.00016;0;0.001
ijk_ikj_125_25;ijk_ikj;125;25;0.00028;0;0.001
ijk_ikj_150_10;ijk_ikj;150;10;0.001;0.001;0.001
ijk_ikj_150_15;ijk_ikj;150;15;0.001;0.001;0.001
ijk_ikj_150_25;ijk_ikj;150;25;0.001;0.001;0.001
ijk_ikj_150_30;ijk_ikj;150;30;0.00084;0;0.001
ijk_ikj_175_25;ijk_ikj;175;25;0.00104;0.001;0.002
ijk_ikj_175_35;ijk_ikj;175;35;0.00104;0.001;0.002
ijk_ikj_200_10;ijk_ikj;200;10;0.002;0.002;0.002
ijk_ikj_200_20;ijk_ikj;200;20;0.00144;0.001;0.002
ijk_ikj_200_25;ijk_ikj;200;25;0.00156;0.001;0.002
ijk_ikj_200_40;ijk_ikj;200;40;0.00148;0.001;0.002
ijk_ikj_200_50;ijk_ikj;200;50;0.00148;0.001;0.002
ijk_ikj_225_15;ijk_ikj;225;15;0.0028;0.002;0.003
ijk_ikj_225_25;ijk_ikj;225;25;0.00204;0.002;0.003
ijk_ikj_225_45;ijk_ikj;225;45;0.0022;0.002;0.004
ijk_ikj_250_10;ijk_ikj;250;10;0.00392;0.003;0.004
ijk_ikj_250_25;ijk_ikj;250;25;0.00332;0.002;0.004
ijk_ikj_250_50;ijk_ikj;250;50;0.0028;0.002;0.005
ijk_ikj_275_11;ijk_ikj;275;11;0.00516;0.005;0.006
ijk_ikj_275_25;ijk_ikj;275;25;0.00424;0.003;0.005
ijk_ikj_275_55;ijk_ikj;275;55;0.00408;0.003;0.007
ijk_ikj_300_10;ijk_ikj;300;10;0.0064;0.006;0.008
ijk_ikj_300_12;ijk_ikj;300;12;0.00548;0.005;0.007
ijk_ikj_300_15;ijk_ikj;300;15;0.00576;0.005;0.007
ijk_ikj_300_20;ijk_ikj;300;20;0.00548;0.004;0.006
ijk_ikj_300_25;ijk_ikj;300;25;0.00524;0.005;0.006
ijk_ikj_300_30;ijk_ikj;300;30;0.00504;0.004;0.007
ijk_ikj_300_50;ijk_ikj;300;50;0.006;0.004;0.008
ijk_ikj_300_60;ijk_ikj;300;60;0.00472;0.004;0.008
ijk_ikj_300_75;ijk_ikj;300;75;0.00464;0.004;0.005
ijk_ikj_325_13;ijk_ikj;325;13;0.0072;0.007;0.008
ijk_ikj_325_25;ijk_ikj;325;25;0.0062;0.005;0.009
ijk_ikj_325_65;ijk_ikj;325;65;0.0056;0.005;0.006
ijk_ikj_350_10;ijk_ikj;350;10;0.01072;0.009;0.012
ijk_ikj_350_14;ijk_ikj;350;14;0.00856;0.008;0.01
ijk_ikj_350_25;ijk_ikj;350;25;0.00776;0.006;0.011
ijk_ikj_350_35;ijk_ikj;350;35;0.00856;0.006;0.011
ijk_ikj_350_50;ijk_ikj;350;50;0.00872;0.008;0.01
ijk_ikj_350_70;ijk_ikj;350;70;0.00704;0.007;0.008
ijk_ikj_375_15;ijk_ikj;375;15;0.01076;0.01;0.013
ijk_ikj_375_25;ijk_ikj;375;25;0.0106;0.008;0.012
ijk_ikj_375_75;ijk_ikj;375;75;0.009;0.008;0.012
ijk_ikj_400_10;ijk_ikj;400;10;0.01536;0.014;0.017
ijk_ikj_400_16;ijk_ikj;400;16;0.01176;0.011;0.014
ijk_ikj_400_20;ijk_ikj;400;20;0.012;0.011;0.013
ijk_ikj_400_25;ijk_ikj;400;25;0.01224;0.011;0.014
ijk_ikj_400_40;ijk_ikj;400;40;0.01072;0.008;0.016
ijk_ikj_400_50;ijk_ikj;400;50;0.01088;0.01;0.013
ijk_ikj_400_80;ijk_ikj;400;80;0.01244;0.011;0.022
ijk_ikj_400_100;ijk_ikj;400;100;0.01188;0.011;0.014
ijk_ikj_425_17;ijk_ikj;425;17;0.01484;0.014;0.017
ijk_ikj_425_25;ijk_ikj;425;25;0.0134;0.013;0.015
ijk_ikj_425_85;ijk_ikj;425;85;0.01316;0.013;0.014
ijk_ikj_450_10;ijk_ikj;450;10;0.02;0.018;0.024
ijk_ikj_450_15;ijk_ikj;450;15;0.01868;0.017;0.024
ijk_ikj_450_18;ijk_ikj;450;18;0.01796;0.017;0.02
ijk_ikj_450_25;ijk_ikj;450;25;0.01652;0.015;0.019
ijk_ikj_450_30;ijk_ikj;450;30;0.01764;0.013;0.021
ijk_ikj_450_45;ijk_ikj;450;45;0.01644;0.012;0.023
ijk_ikj_450_50;ijk_ikj;450;50;0.01472;0.013;0.02
ijk_ikj_450_75;ijk_ikj;450;75;0.01776;0.012;0.026
ijk_ikj_450_90;ijk_ikj;450;90;0.016;0.015;0.018
ijk_ikj_475_19;ijk_ikj;475;19;0.02116;0.019;0.024
ijk_ikj_475_25;ijk_ikj;475;25;0.02056;0.017;0.025
ijk_ikj_475_95;ijk_ikj;475;95;0.0188;0.018;0.019
ijk_ikj_500_10;ijk_ikj;500;10;0.02612;0.023;0.035
ijk_ikj_500_20;ijk_ikj;500;20;0.02064;0.02;0.024
ijk_ikj_500_25;ijk_ikj;500;25;0.022;0.02;0.026
ijk_ikj_500_50;ijk_ikj;500;50;0.02008;0.016;0.025
ijk_ikj_500_100;ijk_ikj;500;100;0.02152;0.021;0.022
ijk_ikj_500_125;ijk_ikj;500;125;0.02144;0.019;0.026
ijk_ikj_525_15;ijk_ikj;525;15;0.02844;0.024;0.037
ijk_ikj_525_21;ijk_ikj;525;21;0.02552;0.023;0.032
ijk_ikj_525_25;ijk_ikj;525;25;0.0258;0.022;0.03
ijk_ikj_525_35;ijk_ikj;525;35;0.02432;0.019;0.033
ijk_ikj_525_75;ijk_ikj;525;75;0.02532;0.023;0.034
ijk_ikj_525_105;ijk_ikj;525;105;0.02544;0.025;0.029
ijk_ikj_550_10;ijk_ikj;550;10;0.03176;0.029;0.039
ijk_ikj_550_11;ijk_ikj;550;11;0.03188;0.03;0.038
ijk_ikj_550_22;ijk_ikj;550;22;0.02616;0.025;0.035
ijk_ikj_550_25;ijk_ikj;550;25;0.02564;0.023;0.032
ijk_ikj_550_50;ijk_ikj;550;50;0.0284;0.025;0.038
ijk_ikj_550_55;ijk_ikj;550;55;0.02616;0.02;0.041
ijk_ikj_550_110;ijk_ikj;550;110;0.02956;0.029;0.036
ijk_ikj_575_23;ijk_ikj;575;23;0.02952;0.027;0.04
ijk_ikj_575_25;ijk_ikj;575;25;0.03108;0.028;0.042
ijk_ikj_575_115;ijk_ikj;575;115;0.03352;0.033;0.037
ijk_ikj_600_10;ijk_ikj;600;10;0.03992;0.037;0.049
ijk_ikj_600_12;ijk_ikj;600;12;0.03508;0.032;0.045
ijk_ikj_600_15;ijk_ikj;600;15;0.03528;0.034;0.043
ijk_ikj_600_20;ijk_ikj;600;20;0.03148;0.029;0.044
ijk_ikj_600_24;ijk_ikj;600;24;0.03144;0.029;0.042
ijk_ikj_600_25;ijk_ikj;600;25;0.03292;0.031;0.045
ijk_ikj_600_30;ijk_ikj;600;30;0.0324;0.03;0.041
ijk_ikj_600_40;ijk_ikj;600;40;0.0316;0.025;0.043
ijk_ikj_600_50;ijk_ikj;600;50;0.02924;0.029;0.032
ijk_ikj_600_60;ijk_ikj;600;60;0.03052;0.026;0.041
ijk_ikj_600_75;ijk_ikj;600;75;0.03244;0.029;0.044
ijk_ikj_600_100;ijk_ikj;600;100;0.03536;0.031;0.046
ijk_ikj_600_120;ijk_ikj;600;120;0.03804;0.038;0.039
ijk_ikj_600_150;ijk_ikj;600;150;0.03056;0.03;0.035
ijk_ikj_625_25;ijk_ikj;625;25;0.0342;0.032;0.042
ijk_ikj_625_125;ijk_ikj;625;125;0.04408;0.043;0.046
ijk_ikj_650_10;ijk_ikj;650;10;0.04572;0.045;0.046
ijk_ikj_650_13;ijk_ikj;650;13;0.04248;0.04;0.056
ijk_ikj_650_25;ijk_ikj;650;25;0.03976;0.035;0.054
ijk_ikj_650_26;ijk_ikj;650;26;0.0378;0.036;0.049
ijk_ikj_650_50;ijk_ikj;650;50;0.0366;0.034;0.044
ijk_ikj_650_65;ijk_ikj;650;65;0.04;0.034;0.053
ijk_ikj_650_130;ijk_ikj;650;130;0.0482;0.048;0.052
ijk_ikj_675_15;ijk_ikj;675;15;0.047;0.044;0.061
ijk_ikj_675_25;ijk_ikj;675;25;0.04284;0.04;0.051
ijk_ikj_675_27;ijk_ikj;675;27;0.04232;0.039;0.055
ijk_ikj_675_45;ijk_ikj;675;45;0.04236;0.04;0.05
ijk_ikj_675_75;ijk_ikj;675;75;0.04404;0.043;0.051
ijk_ikj_675_135;ijk_ikj;675;135;0.05808;0.058;0.059
ijk_ikj_700_10;ijk_ikj;700;10;0.05932;0.054;0.071
ijk_ikj_700_14;ijk_ikj;700;14;0.0522;0.048;0.066
ijk_ikj_700_20;ijk_ikj;700;20;0.04736;0.043;0.054
ijk_ikj_700_25;ijk_ikj;700;25;0.04628;0.044;0.052
ijk_ikj_700_28;ijk_ikj;700;28;0.04284;0.041;0.052
ijk_ikj_700_35;ijk_ikj;700;35;0.0446;0.043;0.052
ijk_ikj_700_50;ijk_ikj;700;50;0.04516;0.04;0.056
ijk_ikj_700_70;ijk_ikj;700;70;0.05136;0.043;0.064
ijk_ikj_700_100;ijk_ikj;700;100;0.05032;0.049;0.061
ijk_ikj_700_140;ijk_ikj;700;140;0.06296;0.062;0.064
ijk_ikj_700_175;ijk_ikj;700;175;0.04732;0.045;0.055
ijk_ikj_725_25;ijk_ikj;725;25;0.05172;0.047;0.077
ijk_ikj_725_29;ijk_ikj;725;29;0.0478;0.046;0.061
ijk_ikj_725_145;ijk_ikj;725;145;0.07036;0.07;0.071
ijk_ikj_750_10;ijk_ikj;750;10;0.07044;0.066;0.079
ijk_ikj_750_15;ijk_ikj;750;15;0.05932;0.058;0.063
ijk_ikj_750_25;ijk_ikj;750;25;0.05544;0.05;0.069
ijk_ikj_750_30;ijk_ikj;750;30;0.05104;0.051;0.052
ijk_ikj_750_50;ijk_ikj;750;50;0.05376;0.053;0.06
ijk_ikj_750_75;ijk_ikj;750;75;0.05496;0.053;0.06
ijk_ikj_750_125;ijk_ikj;750;125;0.07248;0.065;0.095
ijk_ikj_750_150;ijk_ikj;750;150;0.08096;0.078;0.091
ijk_ikj_775_25;ijk_ikj;775;25;0.0676;0.06;0.096
ijk_ikj_775_31;ijk_ikj;775;31;0.05916;0.056;0.081
ijk_ikj_775_155;ijk_ikj;775;155;0.08956;0.088;0.096
ijk_ikj_800_10;ijk_ikj;800;10;0.0838;0.081;0.097
ijk_ikj_800_16;ijk_ikj;800;16;0.06588;0.062;0.079
ijk_ikj_800_20;ijk_ikj;800;20;0.06636;0.063;0.077
ijk_ikj_800_25;ijk_ikj;800;25;0.06356;0.063;0.067
ijk_ikj_800_32;ijk_ikj;800;32;0.0626;0.059;0.085
ijk_ikj_800_40;ijk_ikj;800;40;0.0602;0.059;0.068
ijk_ikj_800_50;ijk_ikj;800;50;0.0612;0.059;0.074
ijk_ikj_800_80;ijk_ikj;800;80;0.07188;0.065;0.082
ijk_ikj_800_100;ijk_ikj;800;100;0.06536;0.062;0.081
ijk_ikj_800_160;ijk_ikj;800;160;0.09312;0.092;0.105
ijk_ikj_800_200;ijk_ikj;800;200;0.0654;0.064;0.07
ijk_ikj_825_11;ijk_ikj;825;11;0.09448;0.09;0.107
ijk_ikj_825_15;ijk_ikj;825;15;0.07832;0.074;0.084
ijk_ikj_825_25;ijk_ikj;825;25;0.06888;0.068;0.076
ijk_ikj_825_33;ijk_ikj;825;33;0.06784;0.066;0.081
ijk_ikj_825_55;ijk_ikj;825;55;0.07024;0.062;0.083
ijk_ikj_825_75;ijk_ikj;825;75;0.07344;0.069;0.088
ijk_ikj_825_165;ijk_ikj;825;165;0.1062;0.105;0.113
ijk_ikj_850_10;ijk_ikj;850;10;0.09928;0.095;0.117
ijk_ikj_850_17;ijk_ikj;850;17;0.0794;0.077;0.09
ijk_ikj_850_25;ijk_ikj;850;25;0.07636;0.072;0.1
ijk_ikj_850_34;ijk_ikj;850;34;0.0736;0.073;0.081
ijk_ikj_850_50;ijk_ikj;850;50;0.07444;0.074;0.075
ijk_ikj_850_85;ijk_ikj;850;85;0.0838;0.08;0.093
ijk_ikj_850_170;ijk_ikj;850;170;0.11164;0.111;0.117
ijk_ikj_875_25;ijk_ikj;875;25;0.08408;0.077;0.097
ijk_ikj_875_35;ijk_ikj;875;35;0.08108;0.08;0.089
ijk_ikj_875_125;ijk_ikj;875;125;0.09092;0.088;0.092
ijk_ikj_875_175;ijk_ikj;875;175;0.12176;0.121;0.127
ijk_ikj_900_10;ijk_ikj;900;10;0.11604;0.111;0.132
ijk_ikj_900_12;ijk_ikj;900;12;0.1008;0.094;0.117
ijk_ikj_900_15;ijk_ikj;900;15;0.1008;0.098;0.113
ijk_ikj_900_18;ijk_ikj;900;18;0.09248;0.089;0.099
ijk_ikj_900_20;ijk_ikj;900;20;0.09068;0.087;0.106
ijk_ikj_900_25;ijk_ikj;900;25;0.08976;0.088;0.098
ijk_ikj_900_30;ijk_ikj;900;30;0.08728;0.084;0.092
ijk_ikj_900_36;ijk_ikj;900;36;0.08636;0.084;0.108
ijk_ikj_900_45;ijk_ikj;900;45;0.08512;0.082;0.108
ijk_ikj_900_50;ijk_ikj;900;50;0.0886;0.083;0.12
ijk_ikj_900_60;ijk_ikj;900;60;0.08588;0.08;0.096
ijk_ikj_900_75;ijk_ikj;900;75;0.08524;0.083;0.096
ijk_ikj_900_90;ijk_ikj;900;90;0.09964;0.097;0.104
ijk_ikj_900_100;ijk_ikj;900;100;0.10868;0.108;0.112
ijk_ikj_900_150;ijk_ikj;900;150;0.12128;0.115;0.14
ijk_ikj_900_180;ijk_ikj;900;180;0.13276;0.132;0.133
ijk_ikj_900_225;ijk_ikj;900;225;0.09096;0.09;0.098
ijk_ikj_925_25;ijk_ikj;925;25;0.09504;0.095;0.096
ijk_ikj_925_37;ijk_ikj;925;37;0.09776;0.093;0.117
ijk_ikj_925_185;ijk_ikj;925;185;0.1448;0.144;0.152
ijk_ikj_950_10;ijk_ikj;950;10;0.13716;0.129;0.167
ijk_ikj_950_19;ijk_ikj;950;19;0.1152;0.109;0.141
ijk_ikj_950_25;ijk_ikj;950;25;0.10328;0.1;0.115
ijk_ikj_950_38;ijk_ikj;950;38;0.10248;0.101;0.111
ijk_ikj_950_50;ijk_ikj;950;50;0.10032;0.097;0.107
ijk_ikj_950_95;ijk_ikj;950;95;0.11964;0.116;0.132
ijk_ikj_950_190;ijk_ikj;950;190;0.16008;0.157;0.185
ijk_ikj_975_13;ijk_ikj;975;13;0.13032;0.124;0.143
ijk_ikj_975_15;ijk_ikj;975;15;0.12564;0.122;0.138
ijk_ikj_975_25;ijk_ikj;975;25;0.11736;0.112;0.131
ijk_ikj_975_39;ijk_ikj;975;39;0.11204;0.11;0.119
ijk_ikj_975_65;ijk_ikj;975;65;0.11;0.102;0.136
ijk_ikj_975_75;ijk_ikj;975;75;0.12316;0.121;0.131
ijk_ikj_975_195;ijk_ikj;975;195;0.17436;0.17;0.193
ijk_ikj_1000_10;ijk_ikj;1000;10;0.15576;0.153;0.164
ijk_ikj_1000_20;ijk_ikj;1000;20;0.11988;0.117;0.125
ijk_ikj_1000_25;ijk_ikj;1000;25;0.11904;0.117;0.126
ijk_ikj_1000_40;ijk_ikj;1000;40;0.11564;0.115;0.126
ijk_ikj_1000_50;ijk_ikj;1000;50;0.11048;0.11;0.111
ijk_ikj_1000_100;ijk_ikj;1000;100;0.13832;0.134;0.154
ijk_ikj_1000_125;ijk_ikj;1000;125;0.1192;0.118;0.128
ijk_ikj_1000_200;ijk_ikj;1000;200;0.18304;0.183;0.184
ijk_ikj_1000_250;ijk_ikj;1000;250;0.1256;0.124;0.136
ijk_ikj_1025_25;ijk_ikj;1025;25;0.1506;0.15;0.156
ijk_ikj_1025_41;ijk_ikj;1025;41;0.14992;0.148;0.159
ijk_ikj_1025_205;ijk_ikj;1025;205;0.20476;0.202;0.218
ijk_ikj_1050_10;ijk_ikj;1050;10;0.18168;0.176;0.212
ijk_ikj_1050_14;ijk_ikj;1050;14;0.15928;0.153;0.174
ijk_ikj_1050_15;ijk_ikj;1050;15;0.15492;0.15;0.166
ijk_ikj_1050_21;ijk_ikj;1050;21;0.15076;0.141;0.185
ijk_ikj_1050_25;ijk_ikj;1050;25;0.14004;0.135;0.151
ijk_ikj_1050_30;ijk_ikj;1050;30;0.13888;0.133;0.157
ijk_ikj_1050_35;ijk_ikj;1050;35;0.13948;0.132;0.174
ijk_ikj_1050_42;ijk_ikj;1050;42;0.13712;0.135;0.146
ijk_ikj_1050_50;ijk_ikj;1050;50;0.13932;0.137;0.151
ijk_ikj_1050_70;ijk_ikj;1050;70;0.14088;0.137;0.161
ijk_ikj_1050_75;ijk_ikj;1050;75;0.1518;0.142;0.19
ijk_ikj_1050_105;ijk_ikj;1050;105;0.1624;0.157;0.186
ijk_ikj_1050_150;ijk_ikj;1050;150;0.16368;0.157;0.207
ijk_ikj_1050_175;ijk_ikj;1050;175;0.18688;0.178;0.207
ijk_ikj_1050_210;ijk_ikj;1050;210;0.2162;0.213;0.236
ijk_ikj_1075_25;ijk_ikj;1075;25;0.1532;0.149;0.18
ijk_ikj_1075_43;ijk_ikj;1075;43;0.14736;0.146;0.155
ijk_ikj_1075_215;ijk_ikj;1075;215;0.23636;0.23;0.263
ijk_ikj_1100_10;ijk_ikj;1100;10;0.21308;0.201;0.278
ijk_ikj_1100_11;ijk_ikj;1100;11;0.22044;0.212;0.244
ijk_ikj_1100_20;ijk_ikj;1100;20;0.16204;0.16;0.169
ijk_ikj_1100_22;ijk_ikj;1100;22;0.16668;0.16;0.184
ijk_ikj_1100_25;ijk_ikj;1100;25;0.15884;0.155;0.185
ijk_ikj_1100_44;ijk_ikj;1100;44;0.15992;0.152;0.195
ijk_ikj_1100_50;ijk_ikj;1100;50;0.15904;0.151;0.196
ijk_ikj_1100_55;ijk_ikj;1100;55;0.14868;0.145;0.171
ijk_ikj_1100_100;ijk_ikj;1100;100;0.17848;0.169;0.209
ijk_ikj_1100_110;ijk_ikj;1100;110;0.19116;0.182;0.22
ijk_ikj_1100_220;ijk_ikj;1100;220;0.247;0.244;0.259
ijk_ikj_1100_275;ijk_ikj;1100;275;0.16292;0.158;0.181
ijk_ikj_1125_15;ijk_ikj;1125;15;0.19292;0.186;0.206
ijk_ikj_1125_25;ijk_ikj;1125;25;0.17172;0.169;0.186
ijk_ikj_1125_45;ijk_ikj;1125;45;0.167;0.165;0.181
ijk_ikj_1125_75;ijk_ikj;1125;75;0.17196;0.168;0.199
ijk_ikj_1125_125;ijk_ikj;1125;125;0.21896;0.214;0.237
ijk_ikj_1125_225;ijk_ikj;1125;225;0.26356;0.263;0.266
ijk_ikj_1150_10;ijk_ikj;1150;10;0.239;0.235;0.261
ijk_ikj_1150_23;ijk_ikj;1150;23;0.18608;0.183;0.198
ijk_ikj_1150_25;ijk_ikj;1150;25;0.18388;0.177;0.205
ijk_ikj_1150_46;ijk_ikj;1150;46;0.17824;0.177;0.181
ijk_ikj_1150_50;ijk_ikj;1150;50;0.17152;0.166;0.173
ijk_ikj_1150_115;ijk_ikj;1150;115;0.21476;0.207;0.231
ijk_ikj_1150_230;ijk_ikj;1150;230;0.2814;0.28;0.284
ijk_ikj_1175_25;ijk_ikj;1175;25;0.19584;0.192;0.208
ijk_ikj_1175_47;ijk_ikj;1175;47;0.19292;0.191;0.214
ijk_ikj_1175_235;ijk_ikj;1175;235;0.30096;0.299;0.308
ijk_ikj_1200_10;ijk_ikj;1200;10;0.26488;0.264;0.273
ijk_ikj_1200_12;ijk_ikj;1200;12;0.2268;0.223;0.246
ijk_ikj_1200_15;ijk_ikj;1200;15;0.23036;0.227;0.243
ijk_ikj_1200_16;ijk_ikj;1200;16;0.20944;0.207;0.22
ijk_ikj_1200_20;ijk_ikj;1200;20;0.20676;0.204;0.224
ijk_ikj_1200_24;ijk_ikj;1200;24;0.20132;0.195;0.218
ijk_ikj_1200_25;ijk_ikj;1200;25;0.20228;0.201;0.216
ijk_ikj_1200_30;ijk_ikj;1200;30;0.2034;0.195;0.221
ijk_ikj_1200_40;ijk_ikj;1200;40;0.19692;0.19;0.219
ijk_ikj_1200_48;ijk_ikj;1200;48;0.20256;0.199;0.217
ijk_ikj_1200_50;ijk_ikj;1200;50;0.18824;0.187;0.203
ijk_ikj_1200_60;ijk_ikj;1200;60;0.18676;0.185;0.196
ijk_ikj_1200_75;ijk_ikj;1200;75;0.19348;0.192;0.201
ijk_ikj_1200_80;ijk_ikj;1200;80;0.21988;0.207;0.232
ijk_ikj_1200_100;ijk_ikj;1200;100;0.20368;0.2;0.219
ijk_ikj_1200_120;ijk_ikj;1200;120;0.24092;0.234;0.26
ijk_ikj_1200_150;ijk_ikj;1200;150;0.20736;0.201;0.226
ijk_ikj_1200_200;ijk_ikj;1200;200;0.2682;0.264;0.286
ijk_ikj_1200_240;ijk_ikj;1200;240;0.32152;0.315;0.339
ijk_ikj_1200_300;ijk_ikj;1200;300;0.21344;0.208;0.236
ijk_ikj_1225_25;ijk_ikj;1225;25;0.22012;0.218;0.229
ijk_ikj_1225_35;ijk_ikj;1225;35;0.2156;0.211;0.231
ijk_ikj_1225_49;ijk_ikj;1225;49;0.2196;0.214;0.244
ijk_ikj_1225_175;ijk_ikj;1225;175;0.255;0.244;0.276
ijk_ikj_1225_245;ijk_ikj;1225;245;0.34384;0.337;0.368
ijk_ikj_1250_10;ijk_ikj;1250;10;0.3136;0.299;0.358
ijk_ikj_1250_25;ijk_ikj;1250;25;0.24616;0.227;0.304
ijk_ikj_1250_50;ijk_ikj;1250;50;0.2334;0.229;0.253
ijk_ikj_1250_125;ijk_ikj;1250;125;0.27876;0.267;0.311
ijk_ikj_1250_250;ijk_ikj;1250;250;0.37196;0.366;0.389
ijk_ikj_1275_15;ijk_ikj;1275;15;0.27952;0.274;0.296
ijk_ikj_1275_17;ijk_ikj;1275;17;0.27048;0.262;0.302
ijk_ikj_1275_25;ijk_ikj;1275;25;0.24932;0.246;0.265
ijk_ikj_1275_51;ijk_ikj;1275;51;0.24688;0.244;0.263
ijk_ikj_1275_75;ijk_ikj;1275;75;0.27012;0.268;0.284
ijk_ikj_1275_85;ijk_ikj;1275;85;0.25676;0.253;0.277
ijk_ikj_1275_255;ijk_ikj;1275;255;0.38188;0.375;0.399
ijk_ikj_1300_10;ijk_ikj;1300;10;0.35168;0.337;0.386
ijk_ikj_1300_13;ijk_ikj;1300;13;0.31032;0.298;0.354
ijk_ikj_1300_20;ijk_ikj;1300;20;0.27044;0.262;0.307
ijk_ikj_1300_25;ijk_ikj;1300;25;0.26096;0.256;0.281
ijk_ikj_1300_26;ijk_ikj;1300;26;0.26696;0.256;0.308
ijk_ikj_1300_50;ijk_ikj;1300;50;0.25804;0.247;0.298
ijk_ikj_1300_52;ijk_ikj;1300;52;0.25608;0.254;0.27
ijk_ikj_1300_65;ijk_ikj;1300;65;0.24084;0.238;0.262
ijk_ikj_1300_100;ijk_ikj;1300;100;0.30944;0.306;0.33
ijk_ikj_1300_130;ijk_ikj;1300;130;0.31188;0.3;0.349
ijk_ikj_1300_260;ijk_ikj;1300;260;0.401;0.396;0.408
ijk_ikj_1300_325;ijk_ikj;1300;325;0.2648;0.262;0.279
ijk_ikj_1325_25;ijk_ikj;1325;25;0.2862;0.276;0.328
ijk_ikj_1325_53;ijk_ikj;1325;53;0.2776;0.273;0.3
ijk_ikj_1325_265;ijk_ikj;1325;265;0.42504;0.418;0.44
ijk_ikj_1350_10;ijk_ikj;1350;10;0.3938;0.384;0.431
ijk_ikj_1350_15;ijk_ikj;1350;15;0.33856;0.323;0.383
ijk_ikj_1350_18;ijk_ikj;1350;18;0.31492;0.308;0.338
ijk_ikj_1350_25;ijk_ikj;1350;25;0.29384;0.287;0.314
ijk_ikj_1350_27;ijk_ikj;1350;27;0.2964;0.287;0.337
ijk_ikj_1350_30;ijk_ikj;1350;30;0.2898;0.287;0.306
ijk_ikj_1350_45;ijk_ikj;1350;45;0.28828;0.276;0.321
ijk_ikj_1350_50;ijk_ikj;1350;50;0.29132;0.275;0.344
ijk_ikj_1350_54;ijk_ikj;1350;54;0.29188;0.291;0.301
ijk_ikj_1350_75;ijk_ikj;1350;75;0.31364;0.3;0.34
ijk_ikj_1350_90;ijk_ikj;1350;90;0.31488;0.304;0.346
ijk_ikj_1350_135;ijk_ikj;1350;135;0.37104;0.362;0.399
ijk_ikj_1350_150;ijk_ikj;1350;150;0.38268;0.379;0.401
ijk_ikj_1350_225;ijk_ikj;1350;225;0.38408;0.379;0.397
ijk_ikj_1350_270;ijk_ikj;1350;270;0.44676;0.442;0.454
ijk_ikj_1375_11;ijk_ikj;1375;11;0.42908;0.415;0.499
ijk_ikj_1375_25;ijk_ikj;1375;25;0.31308;0.308;0.333
ijk_ikj_1375_55;ijk_ikj;1375;55;0.31212;0.31;0.326
ijk_ikj_1375_125;ijk_ikj;1375;125;0.34332;0.338;0.363
ijk_ikj_1375_275;ijk_ikj;1375;275;0.473;0.468;0.488
ijk_ikj_1400_10;ijk_ikj;1400;10;0.43624;0.426;0.478
ijk_ikj_1400_14;ijk_ikj;1400;14;0.37608;0.366;0.412
ijk_ikj_1400_20;ijk_ikj;1400;20;0.33244;0.323;0.359
ijk_ikj_1400_25;ijk_ikj;1400;25;0.32608;0.318;0.364
ijk_ikj_1400_28;ijk_ikj;1400;28;0.31908;0.306;0.375
ijk_ikj_1400_35;ijk_ikj;1400;35;0.31392;0.305;0.345
ijk_ikj_1400_40;ijk_ikj;1400;40;0.3142;0.3;0.361
ijk_ikj_1400_50;ijk_ikj;1400;50;0.30128;0.294;0.329
ijk_ikj_1400_56;ijk_ikj;1400;56;0.32548;0.318;0.38
ijk_ikj_1400_70;ijk_ikj;1400;70;0.30484;0.298;0.34
ijk_ikj_1400_100;ijk_ikj;1400;100;0.36348;0.356;0.381
ijk_ikj_1400_140;ijk_ikj;1400;140;0.38328;0.374;0.416
ijk_ikj_1400_175;ijk_ikj;1400;175;0.3302;0.322;0.355
ijk_ikj_1400_200;ijk_ikj;1400;200;0.37016;0.366;0.384
ijk_ikj_1400_280;ijk_ikj;1400;280;0.49712;0.492;0.51
ijk_ikj_1400_350;ijk_ikj;1400;350;0.32944;0.323;0.359
ijk_ikj_1425_15;ijk_ikj;1425;15;0.389;0.386;0.406
ijk_ikj_1425_19;ijk_ikj;1425;19;0.38124;0.372;0.408
ijk_ikj_1425_25;ijk_ikj;1425;25;0.3528;0.342;0.386
ijk_ikj_1425_57;ijk_ikj;1425;57;0.35032;0.345;0.379
ijk_ikj_1425_75;ijk_ikj;1425;75;0.34524;0.336;0.371
ijk_ikj_1425_95;ijk_ikj;1425;95;0.36584;0.357;0.394
ijk_ikj_1425_285;ijk_ikj;1425;285;0.52468;0.519;0.544
ijk_ikj_1450_10;ijk_ikj;1450;10;0.48764;0.474;0.525
ijk_ikj_1450_25;ijk_ikj;1450;25;0.35832;0.355;0.381
ijk_ikj_1450_29;ijk_ikj;1450;29;0.35392;0.347;0.37
ijk_ikj_1450_50;ijk_ikj;1450;50;0.36016;0.355;0.396
ijk_ikj_1450_58;ijk_ikj;1450;58;0.36304;0.36;0.385
ijk_ikj_1450_145;ijk_ikj;1450;145;0.42472;0.415;0.451
ijk_ikj_1450_290;ijk_ikj;1450;290;0.55212;0.546;0.571
ijk_ikj_1475_25;ijk_ikj;1475;25;0.38884;0.379;0.424
ijk_ikj_1475_59;ijk_ikj;1475;59;0.39036;0.383;0.416
ijk_ikj_1475_295;ijk_ikj;1475;295;0.58024;0.573;0.598
ijk_ikj_1500_10;ijk_ikj;1500;10;0.542;0.525;0.579
ijk_ikj_1500_12;ijk_ikj;1500;12;0.44848;0.442;0.472
ijk_ikj_1500_15;ijk_ikj;1500;15;0.46048;0.448;0.512
ijk_ikj_1500_20;ijk_ikj;1500;20;0.41724;0.404;0.461
ijk_ikj_1500_25;ijk_ikj;1500;25;0.39844;0.391;0.423
ijk_ikj_1500_30;ijk_ikj;1500;30;0.3974;0.386;0.419
ijk_ikj_1500_50;ijk_ikj;1500;50;0.39404;0.384;0.418
ijk_ikj_1500_60;ijk_ikj;1500;60;0.40044;0.396;0.414
ijk_ikj_1500_75;ijk_ikj;1500;75;0.38036;0.372;0.407
ijk_ikj_1500_100;ijk_ikj;1500;100;0.42024;0.415;0.443
ijk_ikj_1500_125;ijk_ikj;1500;125;0.40544;0.391;0.436
ijk_ikj_1500_150;ijk_ikj;1500;150;0.47732;0.466;0.507
ijk_ikj_1500_250;ijk_ikj;1500;250;0.52272;0.514;0.537
ijk_ikj_1500_300;ijk_ikj;1500;300;0.61996;0.617;0.648
ijk_ikj_1500_375;ijk_ikj;1500;375;0.39384;0.386;0.414
ijk_ikj_1525_25;ijk_ikj;1525;25;0.43464;0.421;0.473
ijk_ikj_1525_61;ijk_ikj;1525;61;0.42624;0.423;0.448
ijk_ikj_1525_305;ijk_ikj;1525;305;0.65332;0.646;0.673
ijk_ikj_1550_10;ijk_ikj;1550;10;0.59964;0.59;0.64
ijk_ikj_1550_25;ijk_ikj;1550;25;0.44508;0.434;0.464
ijk_ikj_1550_31;ijk_ikj;1550;31;0.44676;0.429;0.48
ijk_ikj_1550_50;ijk_ikj;1550;50;0.4228;0.411;0.447
ijk_ikj_1550_62;ijk_ikj;1550;62;0.44744;0.442;0.466
ijk_ikj_1550_155;ijk_ikj;1550;155;0.54072;0.532;0.562
ijk_ikj_1550_310;ijk_ikj;1550;310;0.68184;0.677;0.694
ijk_ikj_1575_15;ijk_ikj;1575;15;0.52756;0.521;0.554
ijk_ikj_1575_21;ijk_ikj;1575;21;0.48844;0.482;0.506
ijk_ikj_1575_25;ijk_ikj;1575;25;0.46784;0.46;0.488
ijk_ikj_1575_35;ijk_ikj;1575;35;0.46044;0.455;0.475
ijk_ikj_1575_45;ijk_ikj;1575;45;0.4412;0.429;0.461
ijk_ikj_1575_63;ijk_ikj;1575;63;0.4786;0.469;0.505
ijk_ikj_1575_75;ijk_ikj;1575;75;0.49592;0.492;0.517
ijk_ikj_1575_105;ijk_ikj;1575;105;0.48924;0.48;0.513
ijk_ikj_1575_175;ijk_ikj;1575;175;0.60328;0.596;0.633
ijk_ikj_1575_225;ijk_ikj;1575;225;0.54004;0.522;0.581
ijk_ikj_1575_315;ijk_ikj;1575;315;0.71968;0.71;0.749
ijk_ikj_1600_10;ijk_ikj;1600;10;0.67296;0.649;0.747
ijk_ikj_1600_16;ijk_ikj;1600;16;0.51868;0.494;0.564
ijk_ikj_1600_20;ijk_ikj;1600;20;0.49772;0.487;0.541
ijk_ikj_1600_25;ijk_ikj;1600;25;0.4876;0.474;0.532
ijk_ikj_1600_32;ijk_ikj;1600;32;0.46476;0.454;0.511
ijk_ikj_1600_40;ijk_ikj;1600;40;0.44192;0.433;0.471
ijk_ikj_1600_50;ijk_ikj;1600;50;0.45688;0.437;0.513
ijk_ikj_1600_64;ijk_ikj;1600;64;0.49156;0.485;0.508
ijk_ikj_1600_80;ijk_ikj;1600;80;0.47804;0.461;0.523
ijk_ikj_1600_100;ijk_ikj;1600;100;0.48136;0.469;0.508
ijk_ikj_1600_160;ijk_ikj;1600;160;0.56648;0.556;0.605
ijk_ikj_1600_200;ijk_ikj;1600;200;0.49216;0.479;0.518
ijk_ikj_1600_320;ijk_ikj;1600;320;0.74376;0.739;0.758
ijk_ikj_1600_400;ijk_ikj;1600;400;0.482;0.474;0.495
ijk_ikj_1625_13;ijk_ikj;1625;13;0.59928;0.589;0.63
ijk_ikj_1625_25;ijk_ikj;1625;25;0.5122;0.507;0.527
ijk_ikj_1625_65;ijk_ikj;1625;65;0.5166;0.508;0.537
ijk_ikj_1625_125;ijk_ikj;1625;125;0.61376;0.606;0.64
ijk_ikj_1625_325;ijk_ikj;1625;325;0.78164;0.777;0.798
ijk_ikj_1650_10;ijk_ikj;1650;10;0.72264;0.711;0.741
ijk_ikj_1650_11;ijk_ikj;1650;11;0.75836;0.728;0.806
ijk_ikj_1650_15;ijk_ikj;1650;15;0.6148;0.595;0.661
ijk_ikj_1650_22;ijk_ikj;1650;22;0.582;0.554;0.654
ijk_ikj_1650_25;ijk_ikj;1650;25;0.55052;0.524;0.597
ijk_ikj_1650_30;ijk_ikj;1650;30;0.53188;0.517;0.592
ijk_ikj_1650_33;ijk_ikj;1650;33;0.53668;0.51;0.588
ijk_ikj_1650_50;ijk_ikj;1650;50;0.548;0.529;0.597
ijk_ikj_1650_55;ijk_ikj;1650;55;0.53436;0.517;0.567
ijk_ikj_1650_66;ijk_ikj;1650;66;0.55004;0.538;0.583
ijk_ikj_1650_75;ijk_ikj;1650;75;0.55644;0.54;0.586
ijk_ikj_1650_110;ijk_ikj;1650;110;0.56972;0.553;0.61
ijk_ikj_1650_150;ijk_ikj;1650;150;0.57436;0.564;0.603
ijk_ikj_1650_165;ijk_ikj;1650;165;0.6348;0.617;0.704
ijk_ikj_1650_275;ijk_ikj;1650;275;0.69388;0.681;0.716
ijk_ikj_1650_330;ijk_ikj;1650;330;0.8212;0.811;0.849
ijk_ikj_1675_25;ijk_ikj;1675;25;0.57496;0.555;0.648
ijk_ikj_1675_67;ijk_ikj;1675;67;0.57944;0.565;0.622
ijk_ikj_1675_335;ijk_ikj;1675;335;0.85808;0.847;0.889
ijk_ikj_1700_10;ijk_ikj;1700;10;0.80632;0.775;0.87
ijk_ikj_1700_17;ijk_ikj;1700;17;0.62596;0.615;0.662
ijk_ikj_1700_20;ijk_ikj;1700;20;0.60256;0.589;0.635
ijk_ikj_1700_25;ijk_ikj;1700;25;0.58868;0.575;0.641
ijk_ikj_1700_34;ijk_ikj;1700;34;0.58256;0.556;0.639
ijk_ikj_1700_50;ijk_ikj;1700;50;0.56184;0.548;0.6
ijk_ikj_1700_68;ijk_ikj;1700;68;0.59556;0.59;0.623
ijk_ikj_1700_85;ijk_ikj;1700;85;0.56956;0.556;0.593
ijk_ikj_1700_100;ijk_ikj;1700;100;0.71468;0.706;0.746
ijk_ikj_1700_170;ijk_ikj;1700;170;0.68752;0.672;0.754
ijk_ikj_1700_340;ijk_ikj;1700;340;0.89008;0.882;0.93
ijk_ikj_1700_425;ijk_ikj;1700;425;0.5774;0.565;0.615
ijk_ikj_1725_15;ijk_ikj;1725;15;0.70828;0.694;0.764
ijk_ikj_1725_23;ijk_ikj;1725;23;0.64648;0.633;0.697
ijk_ikj_1725_25;ijk_ikj;1725;25;0.62152;0.608;0.659
ijk_ikj_1725_69;ijk_ikj;1725;69;0.62232;0.613;0.659
ijk_ikj_1725_75;ijk_ikj;1725;75;0.59956;0.587;0.619
ijk_ikj_1725_115;ijk_ikj;1725;115;0.6526;0.634;0.682
ijk_ikj_1725_345;ijk_ikj;1725;345;0.93028;0.922;0.959
ijk_ikj_1750_10;ijk_ikj;1750;10;0.87004;0.857;0.899
ijk_ikj_1750_14;ijk_ikj;1750;14;0.7516;0.724;0.837
ijk_ikj_1750_25;ijk_ikj;1750;25;0.65904;0.626;0.729
ijk_ikj_1750_35;ijk_ikj;1750;35;0.63352;0.61;0.676
ijk_ikj_1750_50;ijk_ikj;1750;50;0.60508;0.587;0.647
ijk_ikj_1750_70;ijk_ikj;1750;70;0.65216;0.643;0.712
ijk_ikj_1750_125;ijk_ikj;1750;125;0.71272;0.694;0.761
ijk_ikj_1750_175;ijk_ikj;1750;175;0.7492;0.739;0.774
ijk_ikj_1750_250;ijk_ikj;1750;250;0.72052;0.711;0.742
ijk_ikj_1750_350;ijk_ikj;1750;350;0.96544;0.96;0.978
ijk_ikj_1775_25;ijk_ikj;1775;25;0.67568;0.663;0.708
ijk_ikj_1775_71;ijk_ikj;1775;71;0.7034;0.695;0.724
ijk_ikj_1775_355;ijk_ikj;1775;355;1.01216;1.001;1.036
ijk_ikj_1800_10;ijk_ikj;1800;10;0.94476;0.924;1.003
ijk_ikj_1800_12;ijk_ikj;1800;12;0.7966;0.771;0.866
ijk_ikj_1800_15;ijk_ikj;1800;15;0.79756;0.783;0.834
ijk_ikj_1800_18;ijk_ikj;1800;18;0.74504;0.727;0.799
ijk_ikj_1800_20;ijk_ikj;1800;20;0.72008;0.697;0.763
ijk_ikj_1800_24;ijk_ikj;1800;24;0.68524;0.672;0.715
ijk_ikj_1800_25;ijk_ikj;1800;25;0.69952;0.681;0.728
ijk_ikj_1800_30;ijk_ikj;1800;30;0.68372;0.666;0.724
ijk_ikj_1800_36;ijk_ikj;1800;36;0.66712;0.648;0.699
ijk_ikj_1800_40;ijk_ikj;1800;40;0.66608;0.662;0.685
ijk_ikj_1800_45;ijk_ikj;1800;45;0.65388;0.633;0.696
ijk_ikj_1800_50;ijk_ikj;1800;50;0.65096;0.63;0.703
ijk_ikj_1800_60;ijk_ikj;1800;60;0.6738;0.652;0.709
ijk_ikj_1800_72;ijk_ikj;1800;72;0.70188;0.692;0.74
ijk_ikj_1800_75;ijk_ikj;1800;75;0.66332;0.643;0.75
ijk_ikj_1800_90;ijk_ikj;1800;90;0.70884;0.673;0.872
ijk_ikj_1800_100;ijk_ikj;1800;100;0.7558;0.737;0.836
ijk_ikj_1800_120;ijk_ikj;1800;120;0.72876;0.711;0.778
ijk_ikj_1800_150;ijk_ikj;1800;150;0.73348;0.707;0.849
ijk_ikj_1800_180;ijk_ikj;1800;180;0.83376;0.804;0.925
ijk_ikj_1800_200;ijk_ikj;1800;200;0.9054;0.883;0.979
ijk_ikj_1800_225;ijk_ikj;1800;225;0.73484;0.684;0.841
ijk_ikj_1800_300;ijk_ikj;1800;300;0.92636;0.902;0.977
ijk_ikj_1800_360;ijk_ikj;1800;360;1.03888;1.015;1.113
ijk_ikj_1800_450;ijk_ikj;1800;450;0.71872;0.67;0.818
ijk_ikj_1825_25;ijk_ikj;1825;25;0.75812;0.721;0.858
ijk_ikj_1825_73;ijk_ikj;1825;73;0.76076;0.735;0.859
ijk_ikj_1825_365;ijk_ikj;1825;365;1.08448;1.061;1.186
ijk_ikj_1850_10;ijk_ikj;1850;10;1.04968;1.011;1.196
ijk_ikj_1850_25;ijk_ikj;1850;25;0.77024;0.741;0.825
ijk_ikj_1850_37;ijk_ikj;1850;37;0.74764;0.713;0.836
ijk_ikj_1850_50;ijk_ikj;1850;50;0.74104;0.725;0.804
ijk_ikj_1850_74;ijk_ikj;1850;74;0.79044;0.773;0.854
ijk_ikj_1850_185;ijk_ikj;1850;185;0.90284;0.879;0.969
ijk_ikj_1850_370;ijk_ikj;1850;370;1.11248;1.1;1.179
ijk_ikj_1875_15;ijk_ikj;1875;15;0.90948;0.886;0.979
ijk_ikj_1875_25;ijk_ikj;1875;25;0.80228;0.785;0.86
ijk_ikj_1875_75;ijk_ikj;1875;75;0.82912;0.806;0.891
ijk_ikj_1875_125;ijk_ikj;1875;125;0.833;0.802;0.885
ijk_ikj_1875_375;ijk_ikj;1875;375;1.16304;1.148;1.202
ijk_ikj_1900_10;ijk_ikj;1900;10;1.13652;1.095;1.241
ijk_ikj_1900_19;ijk_ikj;1900;19;0.9322;0.892;1.026
ijk_ikj_1900_20;ijk_ikj;1900;20;0.8572;0.829;0.917
ijk_ikj_1900_25;ijk_ikj;1900;25;0.84672;0.807;0.912
ijk_ikj_1900_38;ijk_ikj;1900;38;0.80344;0.774;0.864
ijk_ikj_1900_50;ijk_ikj;1900;50;0.80844;0.77;0.866
ijk_ikj_1900_76;ijk_ikj;1900;76;0.84016;0.824;0.879
ijk_ikj_1900_95;ijk_ikj;1900;95;0.81708;0.793;0.88
ijk_ikj_1900_100;ijk_ikj;1900;100;0.84632;0.827;0.883
ijk_ikj_1900_190;ijk_ikj;1900;190;0.96296;0.949;0.983
ijk_ikj_1900_380;ijk_ikj;1900;380;1.22564;1.218;1.244
ijk_ikj_1900_475;ijk_ikj;1900;475;0.80948;0.783;0.89
ijk_ikj_1925_11;ijk_ikj;1925;11;1.20276;1.178;1.294
ijk_ikj_1925_25;ijk_ikj;1925;25;0.85844;0.843;0.902
ijk_ikj_1925_35;ijk_ikj;1925;35;0.85508;0.827;0.927
ijk_ikj_1925_55;ijk_ikj;1925;55;0.82;0.791;0.868
ijk_ikj_1925_77;ijk_ikj;1925;77;0.88044;0.873;0.906
ijk_ikj_1925_175;ijk_ikj;1925;175;0.92164;0.9;0.979
ijk_ikj_1925_275;ijk_ikj;1925;275;0.9518;0.941;0.975
ijk_ikj_1925_385;ijk_ikj;1925;385;1.27548;1.263;1.313
ijk_ikj_1950_10;ijk_ikj;1950;10;1.21984;1.191;1.312
ijk_ikj_1950_13;ijk_ikj;1950;13;1.06692;1.031;1.193
ijk_ikj_1950_15;ijk_ikj;1950;15;1.02764;0.993;1.093
ijk_ikj_1950_25;ijk_ikj;1950;25;0.90212;0.866;0.967
ijk_ikj_1950_26;ijk_ikj;1950;26;0.90308;0.883;0.934
ijk_ikj_1950_30;ijk_ikj;1950;30;0.8812;0.865;0.93
ijk_ikj_1950_39;ijk_ikj;1950;39;0.87084;0.839;0.925
ijk_ikj_1950_50;ijk_ikj;1950;50;0.83876;0.811;0.917
ijk_ikj_1950_65;ijk_ikj;1950;65;0.86736;0.843;0.923
ijk_ikj_1950_75;ijk_ikj;1950;75;0.88704;0.871;0.924
ijk_ikj_1950_78;ijk_ikj;1950;78;0.92204;0.909;0.974
ijk_ikj_1950_130;ijk_ikj;1950;130;0.9246;0.901;0.979
ijk_ikj_1950_150;ijk_ikj;1950;150;1.04112;1.025;1.115
ijk_ikj_1950_195;ijk_ikj;1950;195;1.05528;1.028;1.111
ijk_ikj_1950_325;ijk_ikj;1950;325;1.155;1.136;1.186
ijk_ikj_1950_390;ijk_ikj;1950;390;1.32444;1.311;1.369
ijk_ikj_1975_25;ijk_ikj;1975;25;0.9422;0.921;0.989
ijk_ikj_1975_79;ijk_ikj;1975;79;1.02548;0.992;1.06
ijk_ikj_1975_395;ijk_ikj;1975;395;1.37984;1.366;1.409
ijk_ikj_2000_10;ijk_ikj;2000;10;1.30116;1.271;1.362
ijk_ikj_2000_16;ijk_ikj;2000;16;0.98596;0.968;1.009
ijk_ikj_2000_20;ijk_ikj;2000;20;0.98384;0.966;1.052
ijk_ikj_2000_25;ijk_ikj;2000;25;0.96812;0.942;1.028
ijk_ikj_2000_40;ijk_ikj;2000;40;0.90308;0.878;0.992
ijk_ikj_2000_50;ijk_ikj;2000;50;0.89808;0.855;1.047
ijk_ikj_2000_80;ijk_ikj;2000;80;1.07244;1.047;1.13
ijk_ikj_2000_100;ijk_ikj;2000;100;0.9558;0.918;1.042
ijk_ikj_2000_125;ijk_ikj;2000;125;0.9518;0.917;1.012
ijk_ikj_2000_200;ijk_ikj;2000;200;1.12644;1.1;1.187
ijk_ikj_2000_250;ijk_ikj;2000;250;0.9692;0.937;1.035
ijk_ikj_2000_400;ijk_ikj;2000;400;1.41952;1.41;1.448
ijk_ikj_2000_500;ijk_ikj;2000;500;0.93012;0.911;0.964
ijk_ikj_2025_15;ijk_ikj;2025;15;1.15356;1.13;1.217
ijk_ikj_2025_25;ijk_ikj;2025;25;1.01216;0.988;1.052
ijk_ikj_2025_27;ijk_ikj;2025;27;1.02288;1.009;1.053
ijk_ikj_2025_45;ijk_ikj;2025;45;0.9856;0.965;1.011
ijk_ikj_2025_75;ijk_ikj;2025;75;1.01172;0.981;1.053
ijk_ikj_2025_81;ijk_ikj;2025;81;1.06956;1.062;1.106
ijk_ikj_2025_135;ijk_ikj;2025;135;1.13184;1.108;1.21
ijk_ikj_2025_225;ijk_ikj;2025;225;1.28192;1.266;1.362
ijk_ikj_2025_405;ijk_ikj;2025;405;1.48592;1.463;1.532
ijk_ikj_2050_10;ijk_ikj;2050;10;1.66752;1.56;1.864
ijk_ikj_2050_25;ijk_ikj;2050;25;1.43176;1.344;1.548
ijk_ikj_2050_41;ijk_ikj;2050;41;1.30772;1.25;1.435
ijk_ikj_2050_50;ijk_ikj;2050;50;1.26088;1.238;1.305
ijk_ikj_2050_82;ijk_ikj;2050;82;1.22916;1.214;1.265
ijk_ikj_2050_205;ijk_ikj;2050;205;1.23036;1.213;1.268
ijk_ikj_2050_410;ijk_ikj;2050;410;1.5298;1.516;1.55
ijk_ikj_2075_25;ijk_ikj;2075;25;1.11032;1.075;1.194
ijk_ikj_2075_83;ijk_ikj;2075;83;1.14888;1.126;1.202
ijk_ikj_2075_415;ijk_ikj;2075;415;1.59996;1.575;1.712
ijk_ikj_2100_10;ijk_ikj;2100;10;1.51876;1.476;1.64
ijk_ikj_2100_12;ijk_ikj;2100;12;1.27868;1.245;1.352
ijk_ikj_2100_14;ijk_ikj;2100;14;1.29748;1.269;1.387
ijk_ikj_2100_15;ijk_ikj;2100;15;1.29252;1.256;1.405
ijk_ikj_2100_20;ijk_ikj;2100;20;1.1444;1.121;1.309
ijk_ikj_2100_21;ijk_ikj;2100;21;1.17916;1.146;1.293
ijk_ikj_2100_25;ijk_ikj;2100;25;1.13268;1.101;1.216
ijk_ikj_2100_28;ijk_ikj;2100;28;1.0898;1.059;1.168
ijk_ikj_2100_30;ijk_ikj;2100;30;1.11648;1.067;1.197
ijk_ikj_2100_35;ijk_ikj;2100;35;1.08268;1.062;1.122
ijk_ikj_2100_42;ijk_ikj;2100;42;1.06676;1.033;1.126
ijk_ikj_2100_50;ijk_ikj;2100;50;1.07112;1.035;1.12
ijk_ikj_2100_60;ijk_ikj;2100;60;1.04284;1.011;1.092
ijk_ikj_2100_70;ijk_ikj;2100;70;1.09888;1.065;1.162
ijk_ikj_2100_75;ijk_ikj;2100;75;1.06392;1.021;1.12
ijk_ikj_2100_84;ijk_ikj;2100;84;1.19972;1.177;1.236
ijk_ikj_2100_100;ijk_ikj;2100;100;1.21324;1.205;1.244
ijk_ikj_2100_105;ijk_ikj;2100;105;1.08196;1.063;1.131
ijk_ikj_2100_140;ijk_ikj;2100;140;1.23084;1.207;1.275
ijk_ikj_2100_150;ijk_ikj;2100;150;1.23;1.205;1.27
ijk_ikj_2100_175;ijk_ikj;2100;175;1.11272;1.083;1.178
ijk_ikj_2100_210;ijk_ikj;2100;210;1.30008;1.285;1.337
ijk_ikj_2100_300;ijk_ikj;2100;300;1.25532;1.241;1.285
ijk_ikj_2100_350;ijk_ikj;2100;350;1.43224;1.41;1.476
ijk_ikj_2100_420;ijk_ikj;2100;420;1.64228;1.627;1.671
ijk_ikj_2100_525;ijk_ikj;2100;525;1.092;1.048;1.196
ijk_ikj_2125_17;ijk_ikj;2125;17;1.26976;1.22;1.359
ijk_ikj_2125_25;ijk_ikj;2125;25;1.1878;1.14;1.3
ijk_ikj_2125_85;ijk_ikj;2125;85;1.22764;1.213;1.273
ijk_ikj_2125_125;ijk_ikj;2125;125;1.28988;1.274;1.332
ijk_ikj_2125_425;ijk_ikj;2125;425;1.68912;1.679;1.737
ijk_ikj_2150_10;ijk_ikj;2150;10;1.62152;1.596;1.672
ijk_ikj_2150_25;ijk_ikj;2150;25;1.21532;1.162;1.27
ijk_ikj_2150_43;ijk_ikj;2150;43;1.1542;1.123;1.212
ijk_ikj_2150_50;ijk_ikj;2150;50;1.12228;1.092;1.183
ijk_ikj_2150_86;ijk_ikj;2150;86;1.27264;1.255;1.328
ijk_ikj_2150_215;ijk_ikj;2150;215;1.42104;1.384;1.49
ijk_ikj_2150_430;ijk_ikj;2150;430;1.76708;1.736;1.894
ijk_ikj_2175_15;ijk_ikj;2175;15;1.43124;1.381;1.538
ijk_ikj_2175_25;ijk_ikj;2175;25;1.2906;1.24;1.421
ijk_ikj_2175_29;ijk_ikj;2175;29;1.23804;1.203;1.315
ijk_ikj_2175_75;ijk_ikj;2175;75;1.28144;1.257;1.351
ijk_ikj_2175_87;ijk_ikj;2175;87;1.32992;1.313;1.356
ijk_ikj_2175_145;ijk_ikj;2175;145;1.27976;1.242;1.332
ijk_ikj_2175_435;ijk_ikj;2175;435;1.82156;1.801;1.879
ijk_ikj_2200_10;ijk_ikj;2200;10;1.73952;1.703;1.775
ijk_ikj_2200_11;ijk_ikj;2200;11;1.8176;1.758;1.935
ijk_ikj_2200_20;ijk_ikj;2200;20;1.32996;1.281;1.419
ijk_ikj_2200_22;ijk_ikj;2200;22;1.36752;1.319;1.479
ijk_ikj_2200_25;ijk_ikj;2200;25;1.30488;1.266;1.415
ijk_ikj_2200_40;ijk_ikj;2200;40;1.2086;1.181;1.276
ijk_ikj_2200_44;ijk_ikj;2200;44;1.2202;1.173;1.32
ijk_ikj_2200_50;ijk_ikj;2200;50;1.17288;1.14;1.269
ijk_ikj_2200_55;ijk_ikj;2200;55;1.20608;1.144;1.281
ijk_ikj_2200_88;ijk_ikj;2200;88;1.35296;1.34;1.404
ijk_ikj_2200_100;ijk_ikj;2200;100;1.34312;1.319;1.379
ijk_ikj_2200_110;ijk_ikj;2200;110;1.24776;1.22;1.292
ijk_ikj_2200_200;ijk_ikj;2200;200;1.3616;1.342;1.427
ijk_ikj_2200_220;ijk_ikj;2200;220;1.48988;1.471;1.551
ijk_ikj_2200_275;ijk_ikj;2200;275;1.2808;1.24;1.351
ijk_ikj_2200_440;ijk_ikj;2200;440;1.88712;1.858;1.964
ijk_ikj_2200_550;ijk_ikj;2200;550;1.2304;1.202;1.298
ijk_ikj_2225_25;ijk_ikj;2225;25;1.33628;1.302;1.456
ijk_ikj_2225_89;ijk_ikj;2225;89;1.41876;1.405;1.449
ijk_ikj_2225_445;ijk_ikj;2225;445;1.94084;1.921;1.989
ijk_ikj_2250_10;ijk_ikj;2250;10;1.86492;1.831;1.923
ijk_ikj_2250_15;ijk_ikj;2250;15;1.59388;1.533;1.732
ijk_ikj_2250_18;ijk_ikj;2250;18;1.4832;1.429;1.598
ijk_ikj_2250_25;ijk_ikj;2250;25;1.41916;1.364;1.517
ijk_ikj_2250_30;ijk_ikj;2250;30;1.39452;1.348;1.577
ijk_ikj_2250_45;ijk_ikj;2250;45;1.33564;1.275;1.423
ijk_ikj_2250_50;ijk_ikj;2250;50;1.34144;1.3;1.463
ijk_ikj_2250_75;ijk_ikj;2250;75;1.3528;1.326;1.422
ijk_ikj_2250_90;ijk_ikj;2250;90;1.47264;1.447;1.543
ijk_ikj_2250_125;ijk_ikj;2250;125;1.46372;1.442;1.505
ijk_ikj_2250_150;ijk_ikj;2250;150;1.40668;1.38;1.456
ijk_ikj_2250_225;ijk_ikj;2250;225;1.6084;1.583;1.652
ijk_ikj_2250_250;ijk_ikj;2250;250;1.73396;1.721;1.772
ijk_ikj_2250_375;ijk_ikj;2250;375;1.7038;1.679;1.763
ijk_ikj_2250_450;ijk_ikj;2250;450;2.00068;1.983;2.057
ijk_100;ijk;100;0;0.00024;0;0.001
ijk_125;ijk;125;0;0.00052;0;0.001
ijk_150;ijk;150;0;0.001;0.001;0.001
ijk_175;ijk;175;0;0.00132;0.001;0.002
ijk_200;ijk;200;0;0.00236;0.002;0.003
ijk_225;ijk;225;0;0.0034;0.003;0.004
ijk_250;ijk;250;0;0.0044;0.004;0.005
ijk_275;ijk;275;0;0.00608;0.006;0.007
ijk_300;ijk;300;0;0.00788;0.007;0.008
ijk_325;ijk;325;0;0.01;0.01;0.01
ijk_350;ijk;350;0;0.01264;0.012;0.013
ijk_375;ijk;375;0;0.01604;0.015;0.017
ijk_400;ijk;400;0;0.01936;0.019;0.022
ijk_425;ijk;425;0;0.02296;0.022;0.026
ijk_450;ijk;450;0;0.02668;0.026;0.028
ijk_475;ijk;475;0;0.03256;0.031;0.036
ijk_500;ijk;500;0;0.03636;0.036;0.039
ijk_525;ijk;525;0;0.04252;0.042;0.045
ijk_550;ijk;550;0;0.0498;0.048;0.057
ijk_575;ijk;575;0;0.0578;0.055;0.071
ijk_600;ijk;600;0;0.06412;0.062;0.07
ijk_625;ijk;625;0;0.07424;0.071;0.084
ijk_650;ijk;650;0;0.08192;0.079;0.091
ijk_675;ijk;675;0;0.0898;0.089;0.094
ijk_700;ijk;700;0;0.10168;0.099;0.11
ijk_725;ijk;725;0;0.1118;0.11;0.116
ijk_750;ijk;750;0;0.12492;0.122;0.145
ijk_775;ijk;775;0;0.14064;0.136;0.156
ijk_800;ijk;800;0;0.15204;0.15;0.16
ijk_825;ijk;825;0;0.16976;0.163;0.184
ijk_850;ijk;850;0;0.18432;0.178;0.204
ijk_875;ijk;875;0;0.20484;0.198;0.221
ijk_900;ijk;900;0;0.23012;0.212;0.295
ijk_925;ijk;925;0;0.24264;0.234;0.276
ijk_950;ijk;950;0;0.2698;0.259;0.308
ijk_975;ijk;975;0;0.30844;0.284;0.361
ijk_1000;ijk;1000;0;0.31788;0.302;0.38
ijk_1025;ijk;1025;0;0.34368;0.331;0.387
ijk_1050;ijk;1050;0;0.37516;0.365;0.405
ijk_1075;ijk;1075;0;0.44428;0.418;0.514
ijk_1100;ijk;1100;0;0.45492;0.426;0.593
ijk_1125;ijk;1125;0;0.50412;0.488;0.566
ijk_1150;ijk;1150;0;0.53208;0.521;0.561
ijk_1175;ijk;1175;0;0.61052;0.581;0.693
ijk_1200;ijk;1200;0;0.56548;0.543;0.66
ijk_1225;ijk;1225;0;0.72492;0.682;0.796
ijk_1250;ijk;1250;0;0.7516;0.709;0.795
ijk_1275;ijk;1275;0;0.91096;0.845;1.079
ijk_1300;ijk;1300;0;0.80636;0.768;0.905
ijk_1325;ijk;1325;0;0.99324;0.938;1.175
ijk_1350;ijk;1350;0;0.93396;0.907;0.997
ijk_1375;ijk;1375;0;1.12608;1.073;1.207
ijk_1400;ijk;1400;0;0.99304;0.949;1.11
ijk_1425;ijk;1425;0;1.27124;1.222;1.348
ijk_1450;ijk;1450;0;1.23828;1.182;1.378
ijk_1475;ijk;1475;0;1.45392;1.4;1.56
ijk_1500;ijk;1500;0;1.52324;1.462;1.653
ijk_1525;ijk;1525;0;1.86716;1.797;1.971
ijk_1550;ijk;1550;0;2.13776;2.064;2.26
ijk_1575;ijk;1575;0;2.4974;2.418;2.62
ijk_1600;ijk;1600;0;2.86332;2.778;3.083
ijk_1625;ijk;1625;0;3.20316;3.101;3.353
ijk_1650;ijk;1650;0;3.44972;3.409;3.517
ijk_1675;ijk;1675;0;4.01024;3.916;4.103
ijk_1700;ijk;1700;0;3.91516;3.785;4.14
ijk_1725;ijk;1725;0;5.04744;4.973;5.168
ijk_1750;ijk;1750;0;4.72968;4.661;4.892
ijk_1775;ijk;1775;0;5.68108;5.568;5.889
ijk_1800;ijk;1800;0;5.3792;5.263;5.507
ijk_1825;ijk;1825;0;6.16616;6.066;6.299
ijk_1850;ijk;1850;0;6.48592;6.355;6.706
ijk_1875;ijk;1875;0;7.375;7.255;7.576
ijk_1900;ijk;1900;0;7.5136;7.417;7.761
ijk_1925;ijk;1925;0;7.88356;7.71;8.248
ijk_1950;ijk;1950;0;7.97324;7.833;8.18
ijk_1975;ijk;1975;0;8.45776;8.282;8.803
ijk_2000;ijk;2000;0;7.66096;7.516;7.907
ijk_2025;ijk;2025;0;9.332;9.216;9.652
ijk_2050;ijk;2050;0;9.58724;9.476;9.788
ijk_2075;ijk;2075;0;9.77236;9.553;10.147
ijk_2100;ijk;2100;0;9.84756;9.727;10.164
ijk_2125;ijk;2125;0;11.05856;10.87;11.234
ijk_2150;ijk;2150;0;11.26056;11.092;11.426
ijk_2175;ijk;2175;0;12.01076;11.882;12.12
ijk_2200;ijk;2200;0;11.47392;11.275;11.812
ijk_2225;ijk;2225;0;12.96652;12.773;13.366
ijk_2250;ijk;2250;0;12.82688;12.707;13.073
