Liczba watkow 4 ;;;;;;
name;n;r;parallel;time;result;loops_no
SEQ_IKJ 50;50;0;0;31281.349938;  0.0000;
IJK 50;50;0;1;31281.349938;  0.0160;
SEQ_IKJ 100;100;0;0;249761.665243;  0.0010;
IJK 100;100;0;1;249761.665243;  0.0010;
SEQ_IKJ 150;150;0;0;847270.809072;  0.0040;
IJK 150;150;0;1;847270.809072;  0.0020;
SEQ_IKJ 200;200;0;0;2002494.653851;  0.0070;
IJK 200;200;0;1;2002494.653851;  0.0060;
SEQ_IKJ 250;250;0;0;3912277.546883;  0.0140;
IJK 250;250;0;1;3912277.546883;  0.0120;
SEQ_IKJ 300;300;0;0;6750830.104870;  0.0240;
IJK 300;300;0;1;6750830.104870;  0.0220;
SEQ_IKJ 350;350;0;0;10712812.418320;  0.0400;
IJK 350;350;0;1;10712812.418320;  0.0350;
SEQ_IKJ 400;400;0;0;16005112.453346;  0.0620;
IJK 400;400;0;1;16005112.453346;  0.0760;
SEQ_IKJ 450;450;0;0;22801411.474976;  0.0910;
IJK 450;450;0;1;22801411.474976;  0.1120;
SEQ_IKJ 500;500;0;0;31280752.338158;  0.1230;
IJK 500;500;0;1;31280752.338158;  0.1230;
SEQ_IKJ 550;550;0;0;41623905.312439;  0.1620;
IJK 550;550;0;1;41623905.312439;  0.2570;
SEQ_IKJ 600;600;0;0;54082434.619781;  0.2090;
IJK 600;600;0;1;54082434.619781;  0.3450;
SEQ_IKJ 650;650;0;0;68747574.784256;  0.2650;
IJK 650;650;0;1;68747574.784256;  0.5840;
SEQ_IKJ 700;700;0;0;85852380.327103;  0.3280;
IJK 700;700;0;1;85852380.327103;  0.8370;
SEQ_IKJ 750;750;0;0;105620418.450745;  0.4010;
IJK 750;750;0;1;105620418.450745;  1.0840;
SEQ_IKJ 800;800;0;0;128208668.206818;  0.4960;
IJK 800;800;0;1;128208668.206818;  1.4420;
SEQ_IKJ 850;850;0;0;153817826.817673;  0.5890;
IJK 850;850;0;1;153817826.817673;  1.7920;
SEQ_IKJ 900;900;0;0;182471135.760300;  0.6880;
IJK 900;900;0;1;182471135.760300;  2.3370;
SEQ_IKJ 950;950;0;0;214557844.319061;  0.8170;
IJK 950;950;0;1;214557844.319061;  2.8600;
SEQ_IKJ 1000;1000;0;0;250217976.752487;  0.9480;
IJK 1000;1000;0;1;250217976.752487;  3.4680;
SEQ_IKJ 1050;1050;0;0;289685572.463303;  1.0940;
IJK 1050;1050;0;1;289685572.463303;  4.1790;
SEQ_IKJ 1100;1100;0;0;333074427.264420;  1.4690;
IJK 1100;1100;0;1;333074427.264420;  4.8930;
SEQ_IKJ 1150;1150;0;0;380544017.875839;  1.5810;
IJK 1150;1150;0;1;380544017.875839;  5.7500;
SEQ_IKJ 1200;1200;0;0;432377650.172623;  1.9170;
IJK 1200;1200;0;1;432377650.172623;  6.7180;
SEQ_IKJ 1250;1250;0;0;488902408.702759;  2.2500;
IJK 1250;1250;0;1;488902408.702759;  7.8990;
SEQ_IKJ 1300;1300;0;0;549787589.429230;  2.7210;
IJK 1300;1300;0;1;549787589.429230;  9.6040;
SEQ_IKJ 1350;1350;0;0;615468999.292542;  3.0090;
IJK 1350;1350;0;1;615468999.292542; 10.9750;
SEQ_IKJ 1400;1400;0;0;686239715.058868;  3.3180;
IJK 1400;1400;0;1;686239715.058868; 11.3080;
SEQ_IKJ 1450;1450;0;0;762631551.703064;  3.5560;
IJK 1450;1450;0;1;762631551.703064; 13.7600;
SEQ_IKJ 1500;1500;0;0;844190846.603516;  3.8290;
IJK 1500;1500;0;1;844190846.603516; 15.1860;
IJK_IKJ 50_50;50;50;1;31281.349938;  0.0010;
IJK_IKJ 100_50;100;50;1;249761.665243;  0.0010;
IJK_IKJ 100_100;100;100;1;249761.665243;  0.0010;
IJK_IKJ 150_50;150;50;1;847270.809072;  0.0020;
IJK_IKJ 150_75;150;75;1;847270.809072;  0.0020;
IJK_IKJ 150_150;150;150;1;847270.809072;  0.0030;
IJK_IKJ 200_50;200;50;1;2002494.653851;  0.0050;
IJK_IKJ 200_100;200;100;1;2002494.653851;  0.0040;
IJK_IKJ 200_200;200;200;1;2002494.653851;  0.0080;
IJK_IKJ 250_50;250;50;1;3912277.546883;  0.0050;
IJK_IKJ 250_125;250;125;1;3912277.546883;  0.0070;
IJK_IKJ 250_250;250;250;1;3912277.546883;  0.0140;
IJK_IKJ 300_50;300;50;1;6750830.104870;  0.0110;
IJK_IKJ 300_60;300;60;1;6750830.104870;  0.0110;
IJK_IKJ 300_75;300;75;1;6750830.104870;  0.0090;
IJK_IKJ 300_100;300;100;1;6750830.104870;  0.0100;
IJK_IKJ 300_150;300;150;1;6750830.104870;  0.0120;
IJK_IKJ 300_300;300;300;1;6750830.104870;  0.0240;
IJK_IKJ 350_50;350;50;1;10712812.418320;  0.0110;
IJK_IKJ 350_70;350;70;1;10712812.418320;  0.0170;
IJK_IKJ 350_175;350;175;1;10712812.418320;  0.0200;
IJK_IKJ 350_350;350;350;1;10712812.418320;  0.0410;
IJK_IKJ 400_50;400;50;1;16005112.453346;  0.0200;
IJK_IKJ 400_80;400;80;1;16005112.453346;  0.0240;
IJK_IKJ 400_100;400;100;1;16005112.453346;  0.0290;
IJK_IKJ 400_200;400;200;1;16005112.453346;  0.0300;
IJK_IKJ 400_400;400;400;1;16005112.453346;  0.0650;
IJK_IKJ 450_50;450;50;1;22801411.474976;  0.0360;
IJK_IKJ 450_75;450;75;1;22801411.474976;  0.0320;
IJK_IKJ 450_90;450;90;1;22801411.474976;  0.0350;
IJK_IKJ 450_150;450;150;1;22801411.474976;  0.0290;
IJK_IKJ 450_225;450;225;1;22801411.474976;  0.0420;
IJK_IKJ 450_450;450;450;1;22801411.474976;  0.0930;
IJK_IKJ 500_50;500;50;1;31280752.338158;  0.0530;
IJK_IKJ 500_100;500;100;1;31280752.338158;  0.0470;
IJK_IKJ 500_125;500;125;1;31280752.338158;  0.0370;
IJK_IKJ 500_250;500;250;1;31280752.338158;  0.0570;
IJK_IKJ 500_500;500;500;1;31280752.338158;  0.1260;
IJK_IKJ 550_50;550;50;1;41623905.312439;  0.0630;
IJK_IKJ 550_55;550;55;1;41623905.312439;  0.0520;
IJK_IKJ 550_110;550;110;1;41623905.312439;  0.0660;
IJK_IKJ 550_275;550;275;1;41623905.312439;  0.0760;
IJK_IKJ 550_550;550;550;1;41623905.312439;  0.1670;
IJK_IKJ 600_50;600;50;1;54082434.619781;  0.0940;
IJK_IKJ 600_60;600;60;1;54082434.619781;  0.0750;
IJK_IKJ 600_75;600;75;1;54082434.619781;  0.0790;
IJK_IKJ 600_100;600;100;1;54082434.619781;  0.0780;
IJK_IKJ 600_120;600;120;1;54082434.619781;  0.0900;
IJK_IKJ 600_150;600;150;1;54082434.619781;  0.0700;
IJK_IKJ 600_200;600;200;1;54082434.619781;  0.0670;
IJK_IKJ 600_300;600;300;1;54082434.619781;  0.0980;
IJK_IKJ 600_600;600;600;1;54082434.619781;  0.2170;
IJK_IKJ 650_50;650;50;1;68747574.784256;  0.1050;
IJK_IKJ 650_65;650;65;1;68747574.784256;  0.1050;
IJK_IKJ 650_130;650;130;1;68747574.784256;  0.1120;
IJK_IKJ 650_325;650;325;1;68747574.784256;  0.1280;
IJK_IKJ 650_650;650;650;1;68747574.784256;  0.2710;
IJK_IKJ 700_50;700;50;1;85852380.327103;  0.1020;
IJK_IKJ 700_70;700;70;1;85852380.327103;  0.1370;
IJK_IKJ 700_100;700;100;1;85852380.327103;  0.1200;
IJK_IKJ 700_140;700;140;1;85852380.327103;  0.1330;
IJK_IKJ 700_175;700;175;1;85852380.327103;  0.1150;
IJK_IKJ 700_350;700;350;1;85852380.327103;  0.1650;
IJK_IKJ 700_700;700;700;1;85852380.327103;  0.3350;
IJK_IKJ 750_50;750;50;1;105620418.450745;  0.1420;
IJK_IKJ 750_75;750;75;1;105620418.450745;  0.1570;
IJK_IKJ 750_125;750;125;1;105620418.450745;  0.1710;
IJK_IKJ 750_150;750;150;1;105620418.450745;  0.1840;
IJK_IKJ 750_250;750;250;1;105620418.450745;  0.1360;
IJK_IKJ 750_375;750;375;1;105620418.450745;  0.2080;
IJK_IKJ 750_750;750;750;1;105620418.450745;  0.4490;
IJK_IKJ 800_50;800;50;1;128208668.206818;  0.1370;
IJK_IKJ 800_80;800;80;1;128208668.206818;  0.1590;
IJK_IKJ 800_100;800;100;1;128208668.206818;  0.1590;
IJK_IKJ 800_160;800;160;1;128208668.206818;  0.2250;
IJK_IKJ 800_200;800;200;1;128208668.206818;  0.1600;
IJK_IKJ 800_400;800;400;1;128208668.206818;  0.2610;
IJK_IKJ 800_800;800;800;1;128208668.206818;  0.5040;
IJK_IKJ 850_50;850;50;1;153817826.817673;  0.1810;
IJK_IKJ 850_85;850;85;1;153817826.817673;  0.2100;
IJK_IKJ 850_170;850;170;1;153817826.817673;  0.2410;
IJK_IKJ 850_425;850;425;1;153817826.817673;  0.3160;
IJK_IKJ 850_850;850;850;1;153817826.817673;  0.5990;
IJK_IKJ 900_50;900;50;1;182471135.760300;  0.1910;
IJK_IKJ 900_60;900;60;1;182471135.760300;  0.2000;
IJK_IKJ 900_75;900;75;1;182471135.760300;  0.1940;
IJK_IKJ 900_90;900;90;1;182471135.760300;  0.2210;
IJK_IKJ 900_100;900;100;1;182471135.760300;  0.2280;
IJK_IKJ 900_150;900;150;1;182471135.760300;  0.2330;
IJK_IKJ 900_180;900;180;1;182471135.760300;  0.2720;
IJK_IKJ 900_225;900;225;1;182471135.760300;  0.1730;
IJK_IKJ 900_300;900;300;1;182471135.760300;  0.2200;
IJK_IKJ 900_450;900;450;1;182471135.760300;  0.3700;
IJK_IKJ 900_900;900;900;1;182471135.760300;  0.7030;
IJK_IKJ 950_50;950;50;1;214557844.319061;  0.2390;
IJK_IKJ 950_95;950;95;1;214557844.319061;  0.2460;
IJK_IKJ 950_190;950;190;1;214557844.319061;  0.3200;
IJK_IKJ 950_475;950;475;1;214557844.319061;  0.4340;
IJK_IKJ 950_950;950;950;1;214557844.319061;  0.8270;
IJK_IKJ 1000_50;1000;50;1;250217976.752487;  0.2660;
IJK_IKJ 1000_100;1000;100;1;250217976.752487;  0.2880;
IJK_IKJ 1000_125;1000;125;1;250217976.752487;  0.2560;
IJK_IKJ 1000_200;1000;200;1;250217976.752487;  0.3690;
IJK_IKJ 1000_250;1000;250;1;250217976.752487;  0.2550;
IJK_IKJ 1000_500;1000;500;1;250217976.752487;  0.5050;
IJK_IKJ 1000_1000;1000;1000;1;250217976.752487;  0.9640;
IJK_IKJ 1050_50;1050;50;1;289685572.463303;  0.3310;
IJK_IKJ 1050_70;1050;70;1;289685572.463303;  0.3120;
IJK_IKJ 1050_75;1050;75;1;289685572.463303;  0.3470;
IJK_IKJ 1050_105;1050;105;1;289685572.463303;  0.3340;
IJK_IKJ 1050_150;1050;150;1;289685572.463303;  0.3220;
IJK_IKJ 1050_175;1050;175;1;289685572.463303;  0.3650;
IJK_IKJ 1050_210;1050;210;1;289685572.463303;  0.4270;
IJK_IKJ 1050_350;1050;350;1;289685572.463303;  0.3750;
IJK_IKJ 1050_525;1050;525;1;289685572.463303;  0.5830;
IJK_IKJ 1050_1050;1050;1050;1;289685572.463303;  1.1310;
IJK_IKJ 1100_50;1100;50;1;333074427.264420;  0.3630;
IJK_IKJ 1100_55;1100;55;1;333074427.264420;  0.3500;
IJK_IKJ 1100_100;1100;100;1;333074427.264420;  0.3430;
IJK_IKJ 1100_110;1100;110;1;333074427.264420;  0.3930;
IJK_IKJ 1100_220;1100;220;1;333074427.264420;  0.5000;
IJK_IKJ 1100_275;1100;275;1;333074427.264420;  0.3200;
IJK_IKJ 1100_550;1100;550;1;333074427.264420;  0.6670;
IJK_IKJ 1100_1100;1100;1100;1;333074427.264420;  1.3080;
IJK_IKJ 1150_50;1150;50;1;380544017.875839;  0.4220;
IJK_IKJ 1150_115;1150;115;1;380544017.875839;  0.4530;
IJK_IKJ 1150_230;1150;230;1;380544017.875839;  0.5560;
IJK_IKJ 1150_575;1150;575;1;380544017.875839;  0.7590;
IJK_IKJ 1150_1150;1150;1150;1;380544017.875839;  1.5570;
IJK_IKJ 1200_50;1200;50;1;432377650.172623;  0.3990;
IJK_IKJ 1200_60;1200;60;1;432377650.172623;  0.4340;
IJK_IKJ 1200_75;1200;75;1;432377650.172623;  0.4340;
IJK_IKJ 1200_80;1200;80;1;432377650.172623;  0.4420;
IJK_IKJ 1200_100;1200;100;1;432377650.172623;  0.4200;
IJK_IKJ 1200_120;1200;120;1;432377650.172623;  0.5220;
IJK_IKJ 1200_150;1200;150;1;432377650.172623;  0.4520;
IJK_IKJ 1200_200;1200;200;1;432377650.172623;  0.5380;
IJK_IKJ 1200_240;1200;240;1;432377650.172623;  0.6300;
IJK_IKJ 1200_300;1200;300;1;432377650.172623;  0.4120;
IJK_IKJ 1200_400;1200;400;1;432377650.172623;  0.5830;
IJK_IKJ 1200_600;1200;600;1;432377650.172623;  0.8660;
IJK_IKJ 1200_1200;1200;1200;1;432377650.172623;  1.8930;
IJK_IKJ 1250_50;1250;50;1;488902408.702759;  0.5160;
IJK_IKJ 1250_125;1250;125;1;488902408.702759;  0.5880;
IJK_IKJ 1250_250;1250;250;1;488902408.702759;  0.7080;
IJK_IKJ 1250_625;1250;625;1;488902408.702759;  0.9630;
IJK_IKJ 1250_1250;1250;1250;1;488902408.702759;  2.2810;
IJK_IKJ 1300_50;1300;50;1;549787589.429230;  0.5460;
IJK_IKJ 1300_52;1300;52;1;549787589.429230;  0.6450;
IJK_IKJ 1300_65;1300;65;1;549787589.429230;  0.5570;
IJK_IKJ 1300_100;1300;100;1;549787589.429230;  0.6370;
IJK_IKJ 1300_130;1300;130;1;549787589.429230;  0.6480;
IJK_IKJ 1300_260;1300;260;1;549787589.429230;  0.8360;
IJK_IKJ 1300_325;1300;325;1;549787589.429230;  0.5900;
IJK_IKJ 1300_650;1300;650;1;549787589.429230;  1.0980;
IJK_IKJ 1300_1300;1300;1300;1;549787589.429230;  2.6550;
IJK_IKJ 1350_50;1350;50;1;615468999.292542;  0.6230;
IJK_IKJ 1350_54;1350;54;1;615468999.292542;  0.7220;
IJK_IKJ 1350_75;1350;75;1;615468999.292542;  0.6870;
IJK_IKJ 1350_90;1350;90;1;615468999.292542;  0.6570;
IJK_IKJ 1350_135;1350;135;1;615468999.292542;  0.7250;
IJK_IKJ 1350_150;1350;150;1;615468999.292542;  0.7980;
IJK_IKJ 1350_225;1350;225;1;615468999.292542;  0.7640;
IJK_IKJ 1350_270;1350;270;1;615468999.292542;  0.8840;
IJK_IKJ 1350_450;1350;450;1;615468999.292542;  0.8470;
IJK_IKJ 1350_675;1350;675;1;615468999.292542;  1.2100;
IJK_IKJ 1350_1350;1350;1350;1;615468999.292542;  2.9910;
IJK_IKJ 1400_50;1400;50;1;686239715.058868;  0.6700;
IJK_IKJ 1400_56;1400;56;1;686239715.058868;  0.7830;
IJK_IKJ 1400_70;1400;70;1;686239715.058868;  0.7040;
IJK_IKJ 1400_100;1400;100;1;686239715.058868;  0.7390;
IJK_IKJ 1400_140;1400;140;1;686239715.058868;  0.8310;
IJK_IKJ 1400_175;1400;175;1;686239715.058868;  0.6710;
IJK_IKJ 1400_200;1400;200;1;686239715.058868;  0.7430;
IJK_IKJ 1400_280;1400;280;1;686239715.058868;  1.0020;
IJK_IKJ 1400_350;1400;350;1;686239715.058868;  0.6970;
IJK_IKJ 1400_700;1400;700;1;686239715.058868;  1.3450;
IJK_IKJ 1400_1400;1400;1400;1;686239715.058868;  3.3250;
IJK_IKJ 1450_50;1450;50;1;762631551.703064;  0.7850;
IJK_IKJ 1450_58;1450;58;1;762631551.703064;  0.9290;
IJK_IKJ 1450_145;1450;145;1;762631551.703064;  0.9490;
IJK_IKJ 1450_290;1450;290;1;762631551.703064;  1.1100;
IJK_IKJ 1450_725;1450;725;1;762631551.703064;  1.4870;
IJK_IKJ 1450_1450;1450;1450;1;762631551.703064;  3.5910;
IJK_IKJ 1500_50;1500;50;1;844190846.603516;  0.9250;
IJK_IKJ 1500_60;1500;60;1;844190846.603516;  0.9530;
IJK_IKJ 1500_75;1500;75;1;844190846.603516;  0.8600;
IJK_IKJ 1500_100;1500;100;1;844190846.603516;  0.8520;
IJK_IKJ 1500_125;1500;125;1;844190846.603516;  0.8570;
IJK_IKJ 1500_150;1500;150;1;844190846.603516;  0.9970;
IJK_IKJ 1500_250;1500;250;1;844190846.603516;  1.0480;
IJK_IKJ 1500_300;1500;300;1;844190846.603516;  1.2600;
IJK_IKJ 1500_375;1500;375;1;844190846.603516;  0.8880;
IJK_IKJ 1500_500;1500;500;1;844190846.603516;  1.1490;
IJK_IKJ 1500_750;1500;750;1;844190846.603516;  1.6450;
IJK_IKJ 1500_1500;1500;1500;1;844190846.603516;  3.8570;
SEQ_IKJ 50;50;0;0;30145.477007;  0.0000;
IJK 50;50;0;1;30145.477007;  0.0000;
SEQ_IKJ 100;100;0;0;248813.088846;  0.0010;
IJK 100;100;0;1;248813.088846;  0.0010;
SEQ_IKJ 150;150;0;0;842620.406633;  0.0030;
IJK 150;150;0;1;842620.406633;  0.0030;
SEQ_IKJ 200;200;0;0;2006490.280754;  0.0080;
IJK 200;200;0;1;2006490.280754;  0.0110;
SEQ_IKJ 250;250;0;0;3924740.517044;  0.0140;
IJK 250;250;0;1;3924740.517044;  0.0130;
SEQ_IKJ 300;300;0;0;6785374.970230;  0.0250;
IJK 300;300;0;1;6785374.970230;  0.0210;
SEQ_IKJ 350;350;0;0;10745905.781792;  0.0400;
IJK 350;350;0;1;10745905.781792;  0.0360;
SEQ_IKJ 400;400;0;0;16016479.209450;  0.0630;
IJK 400;400;0;1;16016479.209450;  0.0540;
SEQ_IKJ 450;450;0;0;22825990.297089;  0.0910;
IJK 450;450;0;1;22825990.297089;  0.0810;
SEQ_IKJ 500;500;0;0;31315690.529411;  0.1230;
IJK 500;500;0;1;31315690.529411;  0.1290;
SEQ_IKJ 550;550;0;0;41689551.074966;  0.1630;
IJK 550;550;0;1;41689551.074966;  0.2620;
SEQ_IKJ 600;600;0;0;54160871.223518;  0.2090;
IJK 600;600;0;1;54160871.223518;  0.3790;
SEQ_IKJ 650;650;0;0;68827145.949402;  0.2640;
IJK 650;650;0;1;68827145.949402;  0.5400;
SEQ_IKJ 700;700;0;0;85960367.776596;  0.3310;
IJK 700;700;0;1;85960367.776596;  0.7480;
SEQ_IKJ 750;750;0;0;105652670.797668;  0.4020;
IJK 750;750;0;1;105652670.797668;  1.0100;
SEQ_IKJ 800;800;0;0;128239897.610764;  0.4840;
IJK 800;800;0;1;128239897.610764;  1.3740;
SEQ_IKJ 850;850;0;0;153895189.666412;  0.5840;
IJK 850;850;0;1;153895189.666412;  1.7790;
SEQ_IKJ 900;900;0;0;182686900.922409;  0.6890;
IJK 900;900;0;1;182686900.922409;  2.1880;
SEQ_IKJ 950;950;0;0;214826976.187134;  0.8140;
IJK 950;950;0;1;214826976.187134;  2.6810;
SEQ_IKJ 1000;1000;0;0;250495038.754150;  0.9490;
IJK 1000;1000;0;1;250495038.754150;  3.2470;
SEQ_IKJ 1050;1050;0;0;289963687.255859;  1.1230;
IJK 1050;1050;0;1;289963687.255859;  3.9980;
SEQ_IKJ 1100;1100;0;0;333335684.271255;  1.3300;
IJK 1100;1100;0;1;333335684.271255;  4.6040;
SEQ_IKJ 1150;1150;0;0;380950102.202057;  1.5820;
IJK 1150;1150;0;1;380950102.202057;  5.3900;
SEQ_IKJ 1200;1200;0;0;432837179.339157;  1.8930;
IJK 1200;1200;0;1;432837179.339157;  6.2040;
SEQ_IKJ 1250;1250;0;0;489147660.535400;  2.2730;
IJK 1250;1250;0;1;489147660.535400;  7.1070;
SEQ_IKJ 1300;1300;0;0;550130219.712219;  2.6740;
IJK 1300;1300;0;1;550130219.712219;  8.1920;
SEQ_IKJ 1350;1350;0;0;616386154.074188;  2.9730;
IJK 1350;1350;0;1;616386154.074188;  9.2580;
SEQ_IKJ 1400;1400;0;0;687247428.945496;  3.2290;
IJK 1400;1400;0;1;687247428.945496; 10.3350;
SEQ_IKJ 1450;1450;0;0;763428570.074493;  3.5120;
IJK 1450;1450;0;1;763428570.074493; 11.6570;
SEQ_IKJ 1500;1500;0;0;845148683.316895;  3.7830;
IJK 1500;1500;0;1;845148683.316895; 12.9420;
IJK_IKJ 50_50;50;50;1;30145.477007;  0.0000;
IJK_IKJ 100_50;100;50;1;248813.088846;  0.0000;
IJK_IKJ 100_100;100;100;1;248813.088846;  0.0020;
IJK_IKJ 150_50;150;50;1;842620.406633;  0.0010;
IJK_IKJ 150_75;150;75;1;842620.406633;  0.0010;
IJK_IKJ 150_150;150;150;1;842620.406633;  0.0040;
IJK_IKJ 200_50;200;50;1;2006490.280754;  0.0020;
IJK_IKJ 200_100;200;100;1;2006490.280754;  0.0040;
IJK_IKJ 200_200;200;200;1;2006490.280754;  0.0080;
IJK_IKJ 250_50;250;50;1;3924740.517044;  0.0060;
IJK_IKJ 250_125;250;125;1;3924740.517044;  0.0070;
IJK_IKJ 250_250;250;250;1;3924740.517044;  0.0140;
IJK_IKJ 300_50;300;50;1;6785374.970230;  0.0090;
IJK_IKJ 300_60;300;60;1;6785374.970230;  0.0110;
IJK_IKJ 300_75;300;75;1;6785374.970230;  0.0090;
IJK_IKJ 300_100;300;100;1;6785374.970230;  0.0090;
IJK_IKJ 300_150;300;150;1;6785374.970230;  0.0140;
IJK_IKJ 300_300;300;300;1;6785374.970230;  0.0250;
IJK_IKJ 350_50;350;50;1;10745905.781792;  0.0130;
IJK_IKJ 350_70;350;70;1;10745905.781792;  0.0160;
IJK_IKJ 350_175;350;175;1;10745905.781792;  0.0210;
IJK_IKJ 350_350;350;350;1;10745905.781792;  0.0400;
IJK_IKJ 400_50;400;50;1;16016479.209450;  0.0150;
IJK_IKJ 400_80;400;80;1;16016479.209450;  0.0260;
IJK_IKJ 400_100;400;100;1;16016479.209450;  0.0150;
IJK_IKJ 400_200;400;200;1;16016479.209450;  0.0300;
IJK_IKJ 400_400;400;400;1;16016479.209450;  0.0650;
IJK_IKJ 450_50;450;50;1;22825990.297089;  0.0280;
IJK_IKJ 450_75;450;75;1;22825990.297089;  0.0300;
IJK_IKJ 450_90;450;90;1;22825990.297089;  0.0350;
IJK_IKJ 450_150;450;150;1;22825990.297089;  0.0300;
IJK_IKJ 450_225;450;225;1;22825990.297089;  0.0420;
IJK_IKJ 450_450;450;450;1;22825990.297089;  0.0930;
IJK_IKJ 500_50;500;50;1;31315690.529411;  0.0340;
IJK_IKJ 500_100;500;100;1;31315690.529411;  0.0460;
IJK_IKJ 500_125;500;125;1;31315690.529411;  0.0330;
IJK_IKJ 500_250;500;250;1;31315690.529411;  0.0550;
IJK_IKJ 500_500;500;500;1;31315690.529411;  0.1270;
IJK_IKJ 550_50;550;50;1;41689551.074966;  0.0430;
IJK_IKJ 550_55;550;55;1;41689551.074966;  0.0520;
IJK_IKJ 550_110;550;110;1;41689551.074966;  0.0650;
IJK_IKJ 550_275;550;275;1;41689551.074966;  0.0740;
IJK_IKJ 550_550;550;550;1;41689551.074966;  0.1660;
IJK_IKJ 600_50;600;50;1;54160871.223518;  0.0980;
IJK_IKJ 600_60;600;60;1;54160871.223518;  0.0760;
IJK_IKJ 600_75;600;75;1;54160871.223518;  0.0700;
IJK_IKJ 600_100;600;100;1;54160871.223518;  0.0670;
IJK_IKJ 600_120;600;120;1;54160871.223518;  0.0860;
IJK_IKJ 600_150;600;150;1;54160871.223518;  0.0560;
IJK_IKJ 600_200;600;200;1;54160871.223518;  0.0660;
IJK_IKJ 600_300;600;300;1;54160871.223518;  0.0980;
IJK_IKJ 600_600;600;600;1;54160871.223518;  0.2120;
IJK_IKJ 650_50;650;50;1;68827145.949402;  0.0920;
IJK_IKJ 650_65;650;65;1;68827145.949402;  0.0840;
IJK_IKJ 650_130;650;130;1;68827145.949402;  0.1080;
IJK_IKJ 650_325;650;325;1;68827145.949402;  0.1270;
IJK_IKJ 650_650;650;650;1;68827145.949402;  0.2740;
IJK_IKJ 700_50;700;50;1;85960367.776596;  0.1250;
IJK_IKJ 700_70;700;70;1;85960367.776596;  0.1020;
IJK_IKJ 700_100;700;100;1;85960367.776596;  0.0920;
IJK_IKJ 700_140;700;140;1;85960367.776596;  0.1340;
IJK_IKJ 700_175;700;175;1;85960367.776596;  0.0820;
IJK_IKJ 700_350;700;350;1;85960367.776596;  0.1630;
IJK_IKJ 700_700;700;700;1;85960367.776596;  0.3360;
IJK_IKJ 750_50;750;50;1;105652670.797668;  0.1440;
IJK_IKJ 750_75;750;75;1;105652670.797668;  0.1240;
IJK_IKJ 750_125;750;125;1;105652670.797668;  0.1390;
IJK_IKJ 750_150;750;150;1;105652670.797668;  0.1630;
IJK_IKJ 750_250;750;250;1;105652670.797668;  0.1260;
IJK_IKJ 750_375;750;375;1;105652670.797668;  0.2050;
IJK_IKJ 750_750;750;750;1;105652670.797668;  0.4100;
IJK_IKJ 800_50;800;50;1;128239897.610764;  0.1520;
IJK_IKJ 800_80;800;80;1;128239897.610764;  0.1470;
IJK_IKJ 800_100;800;100;1;128239897.610764;  0.1220;
IJK_IKJ 800_160;800;160;1;128239897.610764;  0.1960;
IJK_IKJ 800_200;800;200;1;128239897.610764;  0.1200;
IJK_IKJ 800_400;800;400;1;128239897.610764;  0.2570;
IJK_IKJ 800_800;800;800;1;128239897.610764;  0.4990;
IJK_IKJ 850_50;850;50;1;153895189.666412;  0.2160;
IJK_IKJ 850_85;850;85;1;153895189.666412;  0.1770;
IJK_IKJ 850_170;850;170;1;153895189.666412;  0.2320;
IJK_IKJ 850_425;850;425;1;153895189.666412;  0.3080;
IJK_IKJ 850_850;850;850;1;153895189.666412;  0.5900;
IJK_IKJ 900_50;900;50;1;182686900.922409;  0.2220;
IJK_IKJ 900_60;900;60;1;182686900.922409;  0.1960;
IJK_IKJ 900_75;900;75;1;182686900.922409;  0.1820;
IJK_IKJ 900_90;900;90;1;182686900.922409;  0.2110;
IJK_IKJ 900_100;900;100;1;182686900.922409;  0.2280;
IJK_IKJ 900_150;900;150;1;182686900.922409;  0.2310;
IJK_IKJ 900_180;900;180;1;182686900.922409;  0.2750;
IJK_IKJ 900_225;900;225;1;182686900.922409;  0.2350;
IJK_IKJ 900_300;900;300;1;182686900.922409;  0.2180;
IJK_IKJ 900_450;900;450;1;182686900.922409;  0.3730;
IJK_IKJ 900_900;900;900;1;182686900.922409;  0.6990;
IJK_IKJ 950_50;950;50;1;214826976.187134;  0.2130;
IJK_IKJ 950_95;950;95;1;214826976.187134;  0.2460;
IJK_IKJ 950_190;950;190;1;214826976.187134;  0.3190;
IJK_IKJ 950_475;950;475;1;214826976.187134;  0.4340;
IJK_IKJ 950_950;950;950;1;214826976.187134;  0.8250;
IJK_IKJ 1000_50;1000;50;1;250495038.754150;  0.2860;
IJK_IKJ 1000_100;1000;100;1;250495038.754150;  0.2850;
IJK_IKJ 1000_125;1000;125;1;250495038.754150;  0.2480;
IJK_IKJ 1000_200;1000;200;1;250495038.754150;  0.3740;
IJK_IKJ 1000_250;1000;250;1;250495038.754150;  0.2510;
IJK_IKJ 1000_500;1000;500;1;250495038.754150;  0.5020;
IJK_IKJ 1000_1000;1000;1000;1;250495038.754150;  1.0070;
IJK_IKJ 1050_50;1050;50;1;289963687.255859;  0.3550;
IJK_IKJ 1050_70;1050;70;1;289963687.255859;  0.3040;
IJK_IKJ 1050_75;1050;75;1;289963687.255859;  0.3400;
IJK_IKJ 1050_105;1050;105;1;289963687.255859;  0.3410;
IJK_IKJ 1050_150;1050;150;1;289963687.255859;  0.3200;
IJK_IKJ 1050_175;1050;175;1;289963687.255859;  0.3640;
IJK_IKJ 1050_210;1050;210;1;289963687.255859;  0.4570;
IJK_IKJ 1050_350;1050;350;1;289963687.255859;  0.3710;
IJK_IKJ 1050_525;1050;525;1;289963687.255859;  0.5780;
IJK_IKJ 1050_1050;1050;1050;1;289963687.255859;  1.1150;
IJK_IKJ 1100_50;1100;50;1;333335684.271255;  0.3700;
IJK_IKJ 1100_55;1100;55;1;333335684.271255;  0.3590;
IJK_IKJ 1100_100;1100;100;1;333335684.271255;  0.3430;
IJK_IKJ 1100_110;1100;110;1;333335684.271255;  0.3870;
IJK_IKJ 1100_220;1100;220;1;333335684.271255;  0.4930;
IJK_IKJ 1100_275;1100;275;1;333335684.271255;  0.3400;
IJK_IKJ 1100_550;1100;550;1;333335684.271255;  0.6670;
IJK_IKJ 1100_1100;1100;1100;1;333335684.271255;  1.3070;
IJK_IKJ 1150_50;1150;50;1;380950102.202057;  0.4040;
IJK_IKJ 1150_115;1150;115;1;380950102.202057;  0.4540;
IJK_IKJ 1150_230;1150;230;1;380950102.202057;  0.5770;
IJK_IKJ 1150_575;1150;575;1;380950102.202057;  0.7550;
IJK_IKJ 1150_1150;1150;1150;1;380950102.202057;  1.5760;
IJK_IKJ 1200_50;1200;50;1;432837179.339157;  0.4350;
IJK_IKJ 1200_60;1200;60;1;432837179.339157;  0.4380;
IJK_IKJ 1200_75;1200;75;1;432837179.339157;  0.4280;
IJK_IKJ 1200_80;1200;80;1;432837179.339157;  0.4420;
IJK_IKJ 1200_100;1200;100;1;432837179.339157;  0.4180;
IJK_IKJ 1200_120;1200;120;1;432837179.339157;  0.5250;
IJK_IKJ 1200_150;1200;150;1;432837179.339157;  0.4160;
IJK_IKJ 1200_200;1200;200;1;432837179.339157;  0.5430;
IJK_IKJ 1200_240;1200;240;1;432837179.339157;  0.6460;
IJK_IKJ 1200_300;1200;300;1;432837179.339157;  0.4330;
IJK_IKJ 1200_400;1200;400;1;432837179.339157;  0.5780;
IJK_IKJ 1200_600;1200;600;1;432837179.339157;  0.8560;
IJK_IKJ 1200_1200;1200;1200;1;432837179.339157;  1.8790;
IJK_IKJ 1250_50;1250;50;1;489147660.535400;  0.5250;
IJK_IKJ 1250_125;1250;125;1;489147660.535400;  0.5750;
IJK_IKJ 1250_250;1250;250;1;489147660.535400;  0.7150;
IJK_IKJ 1250_625;1250;625;1;489147660.535400;  0.9680;
IJK_IKJ 1250_1250;1250;1250;1;489147660.535400;  2.3010;
IJK_IKJ 1300_50;1300;50;1;550130219.712219;  0.5740;
IJK_IKJ 1300_52;1300;52;1;550130219.712219;  0.6620;
IJK_IKJ 1300_65;1300;65;1;550130219.712219;  0.5590;
IJK_IKJ 1300_100;1300;100;1;550130219.712219;  0.6500;
IJK_IKJ 1300_130;1300;130;1;550130219.712219;  0.7130;
IJK_IKJ 1300_260;1300;260;1;550130219.712219;  0.7990;
IJK_IKJ 1300_325;1300;325;1;550130219.712219;  0.5530;
IJK_IKJ 1300_650;1300;650;1;550130219.712219;  1.0850;
IJK_IKJ 1300_1300;1300;1300;1;550130219.712219;  2.6580;
IJK_IKJ 1350_50;1350;50;1;616386154.074188;  0.5940;
IJK_IKJ 1350_54;1350;54;1;616386154.074188;  0.7380;
IJK_IKJ 1350_75;1350;75;1;616386154.074188;  0.6750;
IJK_IKJ 1350_90;1350;90;1;616386154.074188;  0.6310;
IJK_IKJ 1350_135;1350;135;1;616386154.074188;  0.7550;
IJK_IKJ 1350_150;1350;150;1;616386154.074188;  0.7960;
IJK_IKJ 1350_225;1350;225;1;616386154.074188;  0.7540;
IJK_IKJ 1350_270;1350;270;1;616386154.074188;  0.8900;
IJK_IKJ 1350_450;1350;450;1;616386154.074188;  0.8480;
IJK_IKJ 1350_675;1350;675;1;616386154.074188;  1.2240;
IJK_IKJ 1350_1350;1350;1350;1;616386154.074188;  2.9850;
IJK_IKJ 1400_50;1400;50;1;687247428.945496;  0.6360;
IJK_IKJ 1400_56;1400;56;1;687247428.945496;  0.7920;
IJK_IKJ 1400_70;1400;70;1;687247428.945496;  0.7000;
IJK_IKJ 1400_100;1400;100;1;687247428.945496;  0.7370;
IJK_IKJ 1400_140;1400;140;1;687247428.945496;  0.8690;
IJK_IKJ 1400_175;1400;175;1;687247428.945496;  0.6630;
IJK_IKJ 1400_200;1400;200;1;687247428.945496;  0.7340;
IJK_IKJ 1400_280;1400;280;1;687247428.945496;  0.9980;
IJK_IKJ 1400_350;1400;350;1;687247428.945496;  0.6810;
IJK_IKJ 1400_700;1400;700;1;687247428.945496;  1.3500;
IJK_IKJ 1400_1400;1400;1400;1;687247428.945496;  3.2940;
IJK_IKJ 1450_50;1450;50;1;763428570.074493;  0.8100;
IJK_IKJ 1450_58;1450;58;1;763428570.074493;  0.8970;
IJK_IKJ 1450_145;1450;145;1;763428570.074493;  0.9220;
IJK_IKJ 1450_290;1450;290;1;763428570.074493;  1.1140;
IJK_IKJ 1450_725;1450;725;1;763428570.074493;  1.4910;
IJK_IKJ 1450_1450;1450;1450;1;763428570.074493;  3.6070;
IJK_IKJ 1500_50;1500;50;1;845148683.316895;  0.9260;
IJK_IKJ 1500_60;1500;60;1;845148683.316895;  0.9870;
IJK_IKJ 1500_75;1500;75;1;845148683.316895;  0.8560;
IJK_IKJ 1500_100;1500;100;1;845148683.316895;  0.8670;
IJK_IKJ 1500_125;1500;125;1;845148683.316895;  0.8710;
IJK_IKJ 1500_150;1500;150;1;845148683.316895;  1.0050;
IJK_IKJ 1500_250;1500;250;1;845148683.316895;  1.0740;
IJK_IKJ 1500_300;1500;300;1;845148683.316895;  1.2430;
IJK_IKJ 1500_375;1500;375;1;845148683.316895;  0.8670;
IJK_IKJ 1500_500;1500;500;1;845148683.316895;  1.1360;
IJK_IKJ 1500_750;1500;750;1;845148683.316895;  1.6430;
IJK_IKJ 1500_1500;1500;1500;1;845148683.316895;  3.8500;
SEQ_IKJ 50;50;0;0;30630.825160;  0.0000;
IJK 50;50;0;1;30630.825160;  0.0010;
SEQ_IKJ 100;100;0;0;247648.512798;  0.0010;
IJK 100;100;0;1;247648.512798;  0.0010;
SEQ_IKJ 150;150;0;0;833750.414024;  0.0030;
IJK 150;150;0;1;833750.414024;  0.0040;
SEQ_IKJ 200;200;0;0;1993689.765034;  0.0080;
IJK 200;200;0;1;1993689.765034;  0.0060;
SEQ_IKJ 250;250;0;0;3899353.579781;  0.0140;
IJK 250;250;0;1;3899353.579781;  0.0130;
SEQ_IKJ 300;300;0;0;6750532.225426;  0.0240;
IJK 300;300;0;1;6750532.225426;  0.0210;
SEQ_IKJ 350;350;0;0;10719802.091438;  0.0410;
IJK 350;350;0;1;10719802.091438;  0.0350;
SEQ_IKJ 400;400;0;0;15991001.170624;  0.0630;
IJK 400;400;0;1;15991001.170624;  0.0550;
SEQ_IKJ 450;450;0;0;22787767.765686;  0.0900;
IJK 450;450;0;1;22787767.765686;  0.0820;
SEQ_IKJ 500;500;0;0;31259553.650932;  0.1230;
IJK 500;500;0;1;31259553.650932;  0.1240;
SEQ_IKJ 550;550;0;0;41537509.797684;  0.1630;
IJK 550;550;0;1;41537509.797684;  0.2680;
SEQ_IKJ 600;600;0;0;54035393.604256;  0.2100;
IJK 600;600;0;1;54035393.604256;  0.3340;
SEQ_IKJ 650;650;0;0;68629960.300003;  0.2630;
IJK 650;650;0;1;68629960.300003;  0.5530;
SEQ_IKJ 700;700;0;0;85783471.238525;  0.3270;
IJK 700;700;0;1;85783471.238525;  0.7500;
SEQ_IKJ 750;750;0;0;105546239.160645;  0.4010;
IJK 750;750;0;1;105546239.160645;  1.0470;
SEQ_IKJ 800;800;0;0;128033808.747421;  0.4850;
IJK 800;800;0;1;128033808.747421;  1.3530;
SEQ_IKJ 850;850;0;0;153695005.294449;  0.5780;
IJK 850;850;0;1;153695005.294449;  1.7410;
SEQ_IKJ 900;900;0;0;182357297.911758;  0.6870;
IJK 900;900;0;1;182357297.911758;  2.2010;
SEQ_IKJ 950;950;0;0;214510294.868988;  0.8090;
IJK 950;950;0;1;214510294.868988;  2.6950;
SEQ_IKJ 1000;1000;0;0;250152025.926880;  0.9460;
IJK 1000;1000;0;1;250152025.926880;  3.2920;
SEQ_IKJ 1050;1050;0;0;289519233.181625;  1.1090;
IJK 1050;1050;0;1;289519233.181625;  3.9330;
SEQ_IKJ 1100;1100;0;0;332974777.087189;  1.2820;
IJK 1100;1100;0;1;332974777.087189;  4.5940;
SEQ_IKJ 1150;1150;0;0;380492419.395508;  1.5180;
IJK 1150;1150;0;1;380492419.395508;  5.4540;
SEQ_IKJ 1200;1200;0;0;432524378.077972;  1.8420;
IJK 1200;1200;0;1;432524378.077972;  6.2190;
SEQ_IKJ 1250;1250;0;0;488859144.833557;  2.2310;
IJK 1250;1250;0;1;488859144.833557;  7.1470;
SEQ_IKJ 1300;1300;0;0;549777783.858826;  2.5950;
IJK 1300;1300;0;1;549777783.858826;  8.0830;
SEQ_IKJ 1350;1350;0;0;615521638.588043;  2.9320;
IJK 1350;1350;0;1;615521638.588043;  9.1850;
SEQ_IKJ 1400;1400;0;0;686691633.506714;  3.2350;
IJK 1400;1400;0;1;686691633.506714; 10.3970;
SEQ_IKJ 1450;1450;0;0;762970050.314240;  3.5250;
IJK 1450;1450;0;1;762970050.314240; 11.7140;
SEQ_IKJ 1500;1500;0;0;844326741.262329;  3.7650;
IJK 1500;1500;0;1;844326741.262329; 12.9590;
IJK_IKJ 50_50;50;50;1;30630.825160;  0.0000;
IJK_IKJ 100_50;100;50;1;247648.512798;  0.0010;
IJK_IKJ 100_100;100;100;1;247648.512798;  0.0010;
IJK_IKJ 150_50;150;50;1;833750.414024;  0.0010;
IJK_IKJ 150_75;150;75;1;833750.414024;  0.0020;
IJK_IKJ 150_150;150;150;1;833750.414024;  0.0030;
IJK_IKJ 200_50;200;50;1;1993689.765034;  0.0020;
IJK_IKJ 200_100;200;100;1;1993689.765034;  0.0040;
IJK_IKJ 200_200;200;200;1;1993689.765034;  0.0080;
IJK_IKJ 250_50;250;50;1;3899353.579781;  0.0060;
IJK_IKJ 250_125;250;125;1;3899353.579781;  0.0080;
IJK_IKJ 250_250;250;250;1;3899353.579781;  0.0140;
IJK_IKJ 300_50;300;50;1;6750532.225426;  0.0080;
IJK_IKJ 300_60;300;60;1;6750532.225426;  0.0110;
IJK_IKJ 300_75;300;75;1;6750532.225426;  0.0080;
IJK_IKJ 300_100;300;100;1;6750532.225426;  0.0090;
IJK_IKJ 300_150;300;150;1;6750532.225426;  0.0130;
IJK_IKJ 300_300;300;300;1;6750532.225426;  0.0240;
IJK_IKJ 350_50;350;50;1;10719802.091438;  0.0120;
IJK_IKJ 350_70;350;70;1;10719802.091438;  0.0180;
IJK_IKJ 350_175;350;175;1;10719802.091438;  0.0200;
IJK_IKJ 350_350;350;350;1;10719802.091438;  0.0410;
IJK_IKJ 400_50;400;50;1;15991001.170624;  0.0150;
IJK_IKJ 400_80;400;80;1;15991001.170624;  0.0240;
IJK_IKJ 400_100;400;100;1;15991001.170624;  0.0150;
IJK_IKJ 400_200;400;200;1;15991001.170624;  0.0290;
IJK_IKJ 400_400;400;400;1;15991001.170624;  0.0650;
IJK_IKJ 450_50;450;50;1;22787767.765686;  0.0270;
IJK_IKJ 450_75;450;75;1;22787767.765686;  0.0300;
IJK_IKJ 450_90;450;90;1;22787767.765686;  0.0360;
IJK_IKJ 450_150;450;150;1;22787767.765686;  0.0290;
IJK_IKJ 450_225;450;225;1;22787767.765686;  0.0420;
IJK_IKJ 450_450;450;450;1;22787767.765686;  0.0920;
IJK_IKJ 500_50;500;50;1;31259553.650932;  0.0350;
IJK_IKJ 500_100;500;100;1;31259553.650932;  0.0460;
IJK_IKJ 500_125;500;125;1;31259553.650932;  0.0310;
IJK_IKJ 500_250;500;250;1;31259553.650932;  0.0550;
IJK_IKJ 500_500;500;500;1;31259553.650932;  0.1250;
IJK_IKJ 550_50;550;50;1;41537509.797684;  0.0480;
IJK_IKJ 550_55;550;55;1;41537509.797684;  0.0520;
IJK_IKJ 550_110;550;110;1;41537509.797684;  0.0640;
IJK_IKJ 550_275;550;275;1;41537509.797684;  0.0740;
IJK_IKJ 550_550;550;550;1;41537509.797684;  0.1670;
IJK_IKJ 600_50;600;50;1;54035393.604256;  0.0810;
IJK_IKJ 600_60;600;60;1;54035393.604256;  0.0660;
IJK_IKJ 600_75;600;75;1;54035393.604256;  0.0540;
IJK_IKJ 600_100;600;100;1;54035393.604256;  0.0680;
IJK_IKJ 600_120;600;120;1;54035393.604256;  0.0860;
IJK_IKJ 600_150;600;150;1;54035393.604256;  0.0530;
IJK_IKJ 600_200;600;200;1;54035393.604256;  0.0660;
IJK_IKJ 600_300;600;300;1;54035393.604256;  0.0960;
IJK_IKJ 600_600;600;600;1;54035393.604256;  0.2150;
IJK_IKJ 650_50;650;50;1;68629960.300003;  0.0960;
IJK_IKJ 650_65;650;65;1;68629960.300003;  0.0840;
IJK_IKJ 650_130;650;130;1;68629960.300003;  0.1110;
IJK_IKJ 650_325;650;325;1;68629960.300003;  0.1280;
IJK_IKJ 650_650;650;650;1;68629960.300003;  0.2720;
IJK_IKJ 700_50;700;50;1;85783471.238525;  0.1190;
IJK_IKJ 700_70;700;70;1;85783471.238525;  0.1020;
IJK_IKJ 700_100;700;100;1;85783471.238525;  0.0940;
IJK_IKJ 700_140;700;140;1;85783471.238525;  0.1320;
IJK_IKJ 700_175;700;175;1;85783471.238525;  0.0910;
IJK_IKJ 700_350;700;350;1;85783471.238525;  0.1630;
IJK_IKJ 700_700;700;700;1;85783471.238525;  0.3330;
IJK_IKJ 750_50;750;50;1;105546239.160645;  0.1050;
IJK_IKJ 750_75;750;75;1;105546239.160645;  0.1270;
IJK_IKJ 750_125;750;125;1;105546239.160645;  0.1390;
IJK_IKJ 750_150;750;150;1;105546239.160645;  0.1640;
IJK_IKJ 750_250;750;250;1;105546239.160645;  0.1250;
IJK_IKJ 750_375;750;375;1;105546239.160645;  0.2070;
IJK_IKJ 750_750;750;750;1;105546239.160645;  0.4210;
IJK_IKJ 800_50;800;50;1;128033808.747421;  0.1610;
IJK_IKJ 800_80;800;80;1;128033808.747421;  0.1480;
IJK_IKJ 800_100;800;100;1;128033808.747421;  0.1270;
IJK_IKJ 800_160;800;160;1;128033808.747421;  0.1970;
IJK_IKJ 800_200;800;200;1;128033808.747421;  0.1340;
IJK_IKJ 800_400;800;400;1;128033808.747421;  0.2560;
IJK_IKJ 800_800;800;800;1;128033808.747421;  0.4940;
IJK_IKJ 850_50;850;50;1;153695005.294449;  0.1980;
IJK_IKJ 850_85;850;85;1;153695005.294449;  0.1800;
IJK_IKJ 850_170;850;170;1;153695005.294449;  0.2300;
IJK_IKJ 850_425;850;425;1;153695005.294449;  0.3100;
IJK_IKJ 850_850;850;850;1;153695005.294449;  0.5990;
IJK_IKJ 900_50;900;50;1;182357297.911758;  0.2170;
IJK_IKJ 900_60;900;60;1;182357297.911758;  0.1970;
IJK_IKJ 900_75;900;75;1;182357297.911758;  0.1800;
IJK_IKJ 900_90;900;90;1;182357297.911758;  0.2120;
IJK_IKJ 900_100;900;100;1;182357297.911758;  0.2350;
IJK_IKJ 900_150;900;150;1;182357297.911758;  0.2310;
IJK_IKJ 900_180;900;180;1;182357297.911758;  0.2780;
IJK_IKJ 900_225;900;225;1;182357297.911758;  0.2370;
IJK_IKJ 900_300;900;300;1;182357297.911758;  0.2210;
IJK_IKJ 900_450;900;450;1;182357297.911758;  0.3700;
IJK_IKJ 900_900;900;900;1;182357297.911758;  0.7070;
IJK_IKJ 950_50;950;50;1;214510294.868988;  0.2100;
IJK_IKJ 950_95;950;95;1;214510294.868988;  0.2480;
IJK_IKJ 950_190;950;190;1;214510294.868988;  0.3180;
IJK_IKJ 950_475;950;475;1;214510294.868988;  0.4390;
IJK_IKJ 950_950;950;950;1;214510294.868988;  0.8320;
IJK_IKJ 1000_50;1000;50;1;250152025.926880;  0.2380;
IJK_IKJ 1000_100;1000;100;1;250152025.926880;  0.2850;
IJK_IKJ 1000_125;1000;125;1;250152025.926880;  0.2460;
IJK_IKJ 1000_200;1000;200;1;250152025.926880;  0.3810;
IJK_IKJ 1000_250;1000;250;1;250152025.926880;  0.2470;
IJK_IKJ 1000_500;1000;500;1;250152025.926880;  0.5040;
IJK_IKJ 1000_1000;1000;1000;1;250152025.926880;  0.9690;
IJK_IKJ 1050_50;1050;50;1;289519233.181625;  0.3280;
IJK_IKJ 1050_70;1050;70;1;289519233.181625;  0.3050;
IJK_IKJ 1050_75;1050;75;1;289519233.181625;  0.3430;
IJK_IKJ 1050_105;1050;105;1;289519233.181625;  0.3400;
IJK_IKJ 1050_150;1050;150;1;289519233.181625;  0.3230;
IJK_IKJ 1050_175;1050;175;1;289519233.181625;  0.3620;
IJK_IKJ 1050_210;1050;210;1;289519233.181625;  0.4360;
IJK_IKJ 1050_350;1050;350;1;289519233.181625;  0.3960;
IJK_IKJ 1050_525;1050;525;1;289519233.181625;  0.5810;
IJK_IKJ 1050_1050;1050;1050;1;289519233.181625;  1.1190;
IJK_IKJ 1100_50;1100;50;1;332974777.087189;  0.3730;
IJK_IKJ 1100_55;1100;55;1;332974777.087189;  0.3680;
IJK_IKJ 1100_100;1100;100;1;332974777.087189;  0.3430;
IJK_IKJ 1100_110;1100;110;1;332974777.087189;  0.3930;
IJK_IKJ 1100_220;1100;220;1;332974777.087189;  0.4910;
IJK_IKJ 1100_275;1100;275;1;332974777.087189;  0.3330;
IJK_IKJ 1100_550;1100;550;1;332974777.087189;  0.6710;
IJK_IKJ 1100_1100;1100;1100;1;332974777.087189;  1.3040;
IJK_IKJ 1150_50;1150;50;1;380492419.395508;  0.3760;
IJK_IKJ 1150_115;1150;115;1;380492419.395508;  0.4540;
IJK_IKJ 1150_230;1150;230;1;380492419.395508;  0.5590;
IJK_IKJ 1150_575;1150;575;1;380492419.395508;  0.7590;
IJK_IKJ 1150_1150;1150;1150;1;380492419.395508;  1.5470;
IJK_IKJ 1200_50;1200;50;1;432524378.077972;  0.4360;
IJK_IKJ 1200_60;1200;60;1;432524378.077972;  0.4370;
IJK_IKJ 1200_75;1200;75;1;432524378.077972;  0.4410;
IJK_IKJ 1200_80;1200;80;1;432524378.077972;  0.4420;
IJK_IKJ 1200_100;1200;100;1;432524378.077972;  0.4120;
IJK_IKJ 1200_120;1200;120;1;432524378.077972;  0.5250;
IJK_IKJ 1200_150;1200;150;1;432524378.077972;  0.4410;
IJK_IKJ 1200_200;1200;200;1;432524378.077972;  0.5540;
IJK_IKJ 1200_240;1200;240;1;432524378.077972;  0.6330;
IJK_IKJ 1200_300;1200;300;1;432524378.077972;  0.4380;
IJK_IKJ 1200_400;1200;400;1;432524378.077972;  0.5800;
IJK_IKJ 1200_600;1200;600;1;432524378.077972;  0.8520;
IJK_IKJ 1200_1200;1200;1200;1;432524378.077972;  1.8760;
IJK_IKJ 1250_50;1250;50;1;488859144.833557;  0.5400;
IJK_IKJ 1250_125;1250;125;1;488859144.833557;  0.5720;
IJK_IKJ 1250_250;1250;250;1;488859144.833557;  0.7100;
IJK_IKJ 1250_625;1250;625;1;488859144.833557;  0.9650;
IJK_IKJ 1250_1250;1250;1250;1;488859144.833557;  2.2870;
IJK_IKJ 1300_50;1300;50;1;549777783.858826;  0.5540;
IJK_IKJ 1300_52;1300;52;1;549777783.858826;  0.6480;
IJK_IKJ 1300_65;1300;65;1;549777783.858826;  0.5630;
IJK_IKJ 1300_100;1300;100;1;549777783.858826;  0.6400;
IJK_IKJ 1300_130;1300;130;1;549777783.858826;  0.7070;
IJK_IKJ 1300_260;1300;260;1;549777783.858826;  0.7990;
IJK_IKJ 1300_325;1300;325;1;549777783.858826;  0.5570;
IJK_IKJ 1300_650;1300;650;1;549777783.858826;  1.0880;
IJK_IKJ 1300_1300;1300;1300;1;549777783.858826;  2.7090;
IJK_IKJ 1350_50;1350;50;1;615521638.588043;  0.6020;
IJK_IKJ 1350_54;1350;54;1;615521638.588043;  0.7260;
IJK_IKJ 1350_75;1350;75;1;615521638.588043;  0.6960;
IJK_IKJ 1350_90;1350;90;1;615521638.588043;  0.6310;
IJK_IKJ 1350_135;1350;135;1;615521638.588043;  0.7280;
IJK_IKJ 1350_150;1350;150;1;615521638.588043;  0.7930;
IJK_IKJ 1350_225;1350;225;1;615521638.588043;  0.7870;
IJK_IKJ 1350_270;1350;270;1;615521638.588043;  0.8840;
IJK_IKJ 1350_450;1350;450;1;615521638.588043;  0.8680;
IJK_IKJ 1350_675;1350;675;1;615521638.588043;  1.2190;
IJK_IKJ 1350_1350;1350;1350;1;615521638.588043;  2.9870;
IJK_IKJ 1400_50;1400;50;1;686691633.506714;  0.6510;
IJK_IKJ 1400_56;1400;56;1;686691633.506714;  0.7900;
IJK_IKJ 1400_70;1400;70;1;686691633.506714;  0.7020;
IJK_IKJ 1400_100;1400;100;1;686691633.506714;  0.7440;
IJK_IKJ 1400_140;1400;140;1;686691633.506714;  0.8020;
IJK_IKJ 1400_175;1400;175;1;686691633.506714;  0.6620;
IJK_IKJ 1400_200;1400;200;1;686691633.506714;  0.7310;
IJK_IKJ 1400_280;1400;280;1;686691633.506714;  1.0010;
IJK_IKJ 1400_350;1400;350;1;686691633.506714;  0.6930;
IJK_IKJ 1400_700;1400;700;1;686691633.506714;  1.3440;
IJK_IKJ 1400_1400;1400;1400;1;686691633.506714;  3.3060;
IJK_IKJ 1450_50;1450;50;1;762970050.314240;  0.8420;
IJK_IKJ 1450_58;1450;58;1;762970050.314240;  0.9140;
IJK_IKJ 1450_145;1450;145;1;762970050.314240;  0.9520;
IJK_IKJ 1450_290;1450;290;1;762970050.314240;  1.0990;
IJK_IKJ 1450_725;1450;725;1;762970050.314240;  1.5040;
IJK_IKJ 1450_1450;1450;1450;1;762970050.314240;  3.5820;
IJK_IKJ 1500_50;1500;50;1;844326741.262329;  0.9290;
IJK_IKJ 1500_60;1500;60;1;844326741.262329;  0.9690;
IJK_IKJ 1500_75;1500;75;1;844326741.262329;  0.8980;
IJK_IKJ 1500_100;1500;100;1;844326741.262329;  0.8460;
IJK_IKJ 1500_125;1500;125;1;844326741.262329;  0.8530;
IJK_IKJ 1500_150;1500;150;1;844326741.262329;  0.9830;
IJK_IKJ 1500_250;1500;250;1;844326741.262329;  1.0220;
IJK_IKJ 1500_300;1500;300;1;844326741.262329;  1.2340;
IJK_IKJ 1500_375;1500;375;1;844326741.262329;  0.9180;
IJK_IKJ 1500_500;1500;500;1;844326741.262329;  1.1320;
IJK_IKJ 1500_750;1500;750;1;844326741.262329;  1.6490;
IJK_IKJ 1500_1500;1500;1500;1;844326741.262329;  3.8490;
SEQ_IKJ 50;50;0;0;31560.894418;  0.0000;
IJK 50;50;0;1;31560.894418;  0.0000;
SEQ_IKJ 100;100;0;0;252824.289921;  0.0010;
IJK 100;100;0;1;252824.289921;  0.0010;
SEQ_IKJ 150;150;0;0;857869.033142;  0.0030;
IJK 150;150;0;1;857869.033142;  0.0040;
SEQ_IKJ 200;200;0;0;2022624.390018;  0.0080;
IJK 200;200;0;1;2022624.390018;  0.0090;
SEQ_IKJ 250;250;0;0;3934530.177738;  0.0140;
IJK 250;250;0;1;3934530.177738;  0.0130;
SEQ_IKJ 300;300;0;0;6778528.314095;  0.0240;
IJK 300;300;0;1;6778528.314095;  0.0220;
SEQ_IKJ 350;350;0;0;10729757.069588;  0.0400;
IJK 350;350;0;1;10729757.069588;  0.0340;
SEQ_IKJ 400;400;0;0;16035302.836792;  0.0620;
IJK 400;400;0;1;16035302.836792;  0.0560;
SEQ_IKJ 450;450;0;0;22804370.549416;  0.0900;
IJK 450;450;0;1;22804370.549416;  0.0810;
SEQ_IKJ 500;500;0;0;31283311.294930;  0.1220;
IJK 500;500;0;1;31283311.294930;  0.1220;
SEQ_IKJ 550;550;0;0;41638509.717934;  0.1620;
IJK 550;550;0;1;41638509.717934;  0.2310;
SEQ_IKJ 600;600;0;0;54042973.609428;  0.2090;
IJK 600;600;0;1;54042973.609428;  0.3450;
SEQ_IKJ 650;650;0;0;68705986.487671;  0.2650;
IJK 650;650;0;1;68705986.487671;  0.5250;
SEQ_IKJ 700;700;0;0;85754837.351318;  0.3280;
IJK 700;700;0;1;85754837.351318;  0.7680;
SEQ_IKJ 750;750;0;0;105417834.456451;  0.4040;
IJK 750;750;0;1;105417834.456451;  1.0250;
SEQ_IKJ 800;800;0;0;127881432.913849;  0.4870;
IJK 800;800;0;1;127881432.913849;  1.3710;
SEQ_IKJ 850;850;0;0;153317899.716095;  0.5760;
IJK 850;850;0;1;153317899.716095;  1.7920;
SEQ_IKJ 900;900;0;0;182040795.261810;  0.6860;
IJK 900;900;0;1;182040795.261810;  2.1950;
SEQ_IKJ 950;950;0;0;214159645.449524;  0.8090;
IJK 950;950;0;1;214159645.449524;  2.7210;
SEQ_IKJ 1000;1000;0;0;249905003.837219;  0.9400;
IJK 1000;1000;0;1;249905003.837219;  3.2410;
SEQ_IKJ 1050;1050;0;0;289246620.367981;  1.0890;
IJK 1050;1050;0;1;289246620.367981;  3.9120;
SEQ_IKJ 1100;1100;0;0;332394959.269821;  1.2820;
IJK 1100;1100;0;1;332394959.269821;  4.5510;
SEQ_IKJ 1150;1150;0;0;379912245.148834;  1.5140;
IJK 1150;1150;0;1;379912245.148834;  5.3340;
SEQ_IKJ 1200;1200;0;0;431540344.386261;  1.8330;
IJK 1200;1200;0;1;431540344.386261;  6.2120;
SEQ_IKJ 1250;1250;0;0;487876264.305878;  2.2220;
IJK 1250;1250;0;1;487876264.305878;  7.1260;
SEQ_IKJ 1300;1300;0;0;548914084.100891;  2.6020;
IJK 1300;1300;0;1;548914084.100891;  8.1670;
SEQ_IKJ 1350;1350;0;0;614702871.062439;  2.9220;
IJK 1350;1350;0;1;614702871.062439;  9.2480;
SEQ_IKJ 1400;1400;0;0;685801453.897186;  3.2330;
IJK 1400;1400;0;1;685801453.897186; 10.4040;
SEQ_IKJ 1450;1450;0;0;761890795.218048;  3.5170;
IJK 1450;1450;0;1;761890795.218048; 11.8670;
SEQ_IKJ 1500;1500;0;0;843143885.964233;  3.9430;
IJK 1500;1500;0;1;843143885.964233; 13.3650;
IJK_IKJ 50_50;50;50;1;31560.894418;  0.0000;
IJK_IKJ 100_50;100;50;1;252824.289921;  0.0010;
IJK_IKJ 100_100;100;100;1;252824.289921;  0.0010;
IJK_IKJ 150_50;150;50;1;857869.033142;  0.0010;
IJK_IKJ 150_75;150;75;1;857869.033142;  0.0010;
IJK_IKJ 150_150;150;150;1;857869.033142;  0.0030;
IJK_IKJ 200_50;200;50;1;2022624.390018;  0.0020;
IJK_IKJ 200_100;200;100;1;2022624.390018;  0.0030;
IJK_IKJ 200_200;200;200;1;2022624.390018;  0.0070;
IJK_IKJ 250_50;250;50;1;3934530.177738;  0.0060;
IJK_IKJ 250_125;250;125;1;3934530.177738;  0.0070;
IJK_IKJ 250_250;250;250;1;3934530.177738;  0.0150;
IJK_IKJ 300_50;300;50;1;6778528.314095;  0.0080;
IJK_IKJ 300_60;300;60;1;6778528.314095;  0.0110;
IJK_IKJ 300_75;300;75;1;6778528.314095;  0.0080;
IJK_IKJ 300_100;300;100;1;6778528.314095;  0.0090;
IJK_IKJ 300_150;300;150;1;6778528.314095;  0.0130;
IJK_IKJ 300_300;300;300;1;6778528.314095;  0.0250;
IJK_IKJ 350_50;350;50;1;10729757.069588;  0.0120;
IJK_IKJ 350_70;350;70;1;10729757.069588;  0.0180;
IJK_IKJ 350_175;350;175;1;10729757.069588;  0.0200;
IJK_IKJ 350_350;350;350;1;10729757.069588;  0.0410;
IJK_IKJ 400_50;400;50;1;16035302.836792;  0.0150;
IJK_IKJ 400_80;400;80;1;16035302.836792;  0.0240;
IJK_IKJ 400_100;400;100;1;16035302.836792;  0.0170;
IJK_IKJ 400_200;400;200;1;16035302.836792;  0.0290;
IJK_IKJ 400_400;400;400;1;16035302.836792;  0.0660;
IJK_IKJ 450_50;450;50;1;22804370.549416;  0.0280;
IJK_IKJ 450_75;450;75;1;22804370.549416;  0.0320;
IJK_IKJ 450_90;450;90;1;22804370.549416;  0.0360;
IJK_IKJ 450_150;450;150;1;22804370.549416;  0.0300;
IJK_IKJ 450_225;450;225;1;22804370.549416;  0.0410;
IJK_IKJ 450_450;450;450;1;22804370.549416;  0.0930;
IJK_IKJ 500_50;500;50;1;31283311.294930;  0.0340;
IJK_IKJ 500_100;500;100;1;31283311.294930;  0.0520;
IJK_IKJ 500_125;500;125;1;31283311.294930;  0.0350;
IJK_IKJ 500_250;500;250;1;31283311.294930;  0.0560;
IJK_IKJ 500_500;500;500;1;31283311.294930;  0.1270;
IJK_IKJ 550_50;550;50;1;41638509.717934;  0.0420;
IJK_IKJ 550_55;550;55;1;41638509.717934;  0.0520;
IJK_IKJ 550_110;550;110;1;41638509.717934;  0.0640;
IJK_IKJ 550_275;550;275;1;41638509.717934;  0.0750;
IJK_IKJ 550_550;550;550;1;41638509.717934;  0.1660;
IJK_IKJ 600_50;600;50;1;54042973.609428;  0.0830;
IJK_IKJ 600_60;600;60;1;54042973.609428;  0.0640;
IJK_IKJ 600_75;600;75;1;54042973.609428;  0.0540;
IJK_IKJ 600_100;600;100;1;54042973.609428;  0.0670;
IJK_IKJ 600_120;600;120;1;54042973.609428;  0.0870;
IJK_IKJ 600_150;600;150;1;54042973.609428;  0.0550;
IJK_IKJ 600_200;600;200;1;54042973.609428;  0.0660;
IJK_IKJ 600_300;600;300;1;54042973.609428;  0.0990;
IJK_IKJ 600_600;600;600;1;54042973.609428;  0.2130;
IJK_IKJ 650_50;650;50;1;68705986.487671;  0.0880;
IJK_IKJ 650_65;650;65;1;68705986.487671;  0.0840;
IJK_IKJ 650_130;650;130;1;68705986.487671;  0.1080;
IJK_IKJ 650_325;650;325;1;68705986.487671;  0.1260;
IJK_IKJ 650_650;650;650;1;68705986.487671;  0.2720;
IJK_IKJ 700_50;700;50;1;85754837.351318;  0.0910;
IJK_IKJ 700_70;700;70;1;85754837.351318;  0.1020;
IJK_IKJ 700_100;700;100;1;85754837.351318;  0.0930;
IJK_IKJ 700_140;700;140;1;85754837.351318;  0.1340;
IJK_IKJ 700_175;700;175;1;85754837.351318;  0.0840;
IJK_IKJ 700_350;700;350;1;85754837.351318;  0.1630;
IJK_IKJ 700_700;700;700;1;85754837.351318;  0.3420;
IJK_IKJ 750_50;750;50;1;105417834.456451;  0.1080;
IJK_IKJ 750_75;750;75;1;105417834.456451;  0.1270;
IJK_IKJ 750_125;750;125;1;105417834.456451;  0.1380;
IJK_IKJ 750_150;750;150;1;105417834.456451;  0.1640;
IJK_IKJ 750_250;750;250;1;105417834.456451;  0.1260;
IJK_IKJ 750_375;750;375;1;105417834.456451;  0.2050;
IJK_IKJ 750_750;750;750;1;105417834.456451;  0.4160;
IJK_IKJ 800_50;800;50;1;127881432.913849;  0.1170;
IJK_IKJ 800_80;800;80;1;127881432.913849;  0.1460;
IJK_IKJ 800_100;800;100;1;127881432.913849;  0.1220;
IJK_IKJ 800_160;800;160;1;127881432.913849;  0.1950;
IJK_IKJ 800_200;800;200;1;127881432.913849;  0.1350;
IJK_IKJ 800_400;800;400;1;127881432.913849;  0.2550;
IJK_IKJ 800_800;800;800;1;127881432.913849;  0.5010;
IJK_IKJ 850_50;850;50;1;153317899.716095;  0.1840;
IJK_IKJ 850_85;850;85;1;153317899.716095;  0.2160;
IJK_IKJ 850_170;850;170;1;153317899.716095;  0.2480;
IJK_IKJ 850_425;850;425;1;153317899.716095;  0.3160;
IJK_IKJ 850_850;850;850;1;153317899.716095;  0.6200;
IJK_IKJ 900_50;900;50;1;182040795.261810;  0.2180;
IJK_IKJ 900_60;900;60;1;182040795.261810;  0.2060;
IJK_IKJ 900_75;900;75;1;182040795.261810;  0.1830;
IJK_IKJ 900_90;900;90;1;182040795.261810;  0.2140;
IJK_IKJ 900_100;900;100;1;182040795.261810;  0.2280;
IJK_IKJ 900_150;900;150;1;182040795.261810;  0.2390;
IJK_IKJ 900_180;900;180;1;182040795.261810;  0.2820;
IJK_IKJ 900_225;900;225;1;182040795.261810;  0.1790;
IJK_IKJ 900_300;900;300;1;182040795.261810;  0.2210;
IJK_IKJ 900_450;900;450;1;182040795.261810;  0.3730;
IJK_IKJ 900_900;900;900;1;182040795.261810;  0.7270;
IJK_IKJ 950_50;950;50;1;214159645.449524;  0.2400;
IJK_IKJ 950_95;950;95;1;214159645.449524;  0.2620;
IJK_IKJ 950_190;950;190;1;214159645.449524;  0.3270;
IJK_IKJ 950_475;950;475;1;214159645.449524;  0.4330;
IJK_IKJ 950_950;950;950;1;214159645.449524;  0.8330;
IJK_IKJ 1000_50;1000;50;1;249905003.837219;  0.2780;
IJK_IKJ 1000_100;1000;100;1;249905003.837219;  0.2860;
IJK_IKJ 1000_125;1000;125;1;249905003.837219;  0.2470;
IJK_IKJ 1000_200;1000;200;1;249905003.837219;  0.3760;
IJK_IKJ 1000_250;1000;250;1;249905003.837219;  0.2300;
IJK_IKJ 1000_500;1000;500;1;249905003.837219;  0.5030;
IJK_IKJ 1000_1000;1000;1000;1;249905003.837219;  0.9770;
IJK_IKJ 1050_50;1050;50;1;289246620.367981;  0.3500;
IJK_IKJ 1050_70;1050;70;1;289246620.367981;  0.3080;
IJK_IKJ 1050_75;1050;75;1;289246620.367981;  0.3420;
IJK_IKJ 1050_105;1050;105;1;289246620.367981;  0.3380;
IJK_IKJ 1050_150;1050;150;1;289246620.367981;  0.3200;
IJK_IKJ 1050_175;1050;175;1;289246620.367981;  0.3630;
IJK_IKJ 1050_210;1050;210;1;289246620.367981;  0.4310;
IJK_IKJ 1050_350;1050;350;1;289246620.367981;  0.4080;
IJK_IKJ 1050_525;1050;525;1;289246620.367981;  0.5850;
IJK_IKJ 1050_1050;1050;1050;1;289246620.367981;  1.1880;
IJK_IKJ 1100_50;1100;50;1;332394959.269821;  0.3560;
IJK_IKJ 1100_55;1100;55;1;332394959.269821;  0.3520;
IJK_IKJ 1100_100;1100;100;1;332394959.269821;  0.3450;
IJK_IKJ 1100_110;1100;110;1;332394959.269821;  0.3900;
IJK_IKJ 1100_220;1100;220;1;332394959.269821;  0.5000;
IJK_IKJ 1100_275;1100;275;1;332394959.269821;  0.3060;
IJK_IKJ 1100_550;1100;550;1;332394959.269821;  0.6750;
IJK_IKJ 1100_1100;1100;1100;1;332394959.269821;  1.3980;
IJK_IKJ 1150_50;1150;50;1;379912245.148834;  0.4310;
IJK_IKJ 1150_115;1150;115;1;379912245.148834;  0.4480;
IJK_IKJ 1150_230;1150;230;1;379912245.148834;  0.5590;
IJK_IKJ 1150_575;1150;575;1;379912245.148834;  0.7520;
IJK_IKJ 1150_1150;1150;1150;1;379912245.148834;  1.5510;
IJK_IKJ 1200_50;1200;50;1;431540344.386261;  0.4310;
IJK_IKJ 1200_60;1200;60;1;431540344.386261;  0.4480;
IJK_IKJ 1200_75;1200;75;1;431540344.386261;  0.4250;
IJK_IKJ 1200_80;1200;80;1;431540344.386261;  0.4430;
IJK_IKJ 1200_100;1200;100;1;431540344.386261;  0.4110;
IJK_IKJ 1200_120;1200;120;1;431540344.386261;  0.5190;
IJK_IKJ 1200_150;1200;150;1;431540344.386261;  0.4530;
IJK_IKJ 1200_200;1200;200;1;431540344.386261;  0.5340;
IJK_IKJ 1200_240;1200;240;1;431540344.386261;  0.6320;
IJK_IKJ 1200_300;1200;300;1;431540344.386261;  0.4700;
IJK_IKJ 1200_400;1200;400;1;431540344.386261;  0.5760;
IJK_IKJ 1200_600;1200;600;1;431540344.386261;  0.8580;
IJK_IKJ 1200_1200;1200;1200;1;431540344.386261;  1.8910;
IJK_IKJ 1250_50;1250;50;1;487876264.305878;  0.5510;
IJK_IKJ 1250_125;1250;125;1;487876264.305878;  0.5760;
IJK_IKJ 1250_250;1250;250;1;487876264.305878;  0.7240;
IJK_IKJ 1250_625;1250;625;1;487876264.305878;  0.9690;
IJK_IKJ 1250_1250;1250;1250;1;487876264.305878;  2.2800;
IJK_IKJ 1300_50;1300;50;1;548914084.100891;  0.5840;
IJK_IKJ 1300_52;1300;52;1;548914084.100891;  0.6400;
IJK_IKJ 1300_65;1300;65;1;548914084.100891;  0.5680;
IJK_IKJ 1300_100;1300;100;1;548914084.100891;  0.6480;
IJK_IKJ 1300_130;1300;130;1;548914084.100891;  0.6450;
IJK_IKJ 1300_260;1300;260;1;548914084.100891;  0.7940;
IJK_IKJ 1300_325;1300;325;1;548914084.100891;  0.5470;
IJK_IKJ 1300_650;1300;650;1;548914084.100891;  1.0870;
IJK_IKJ 1300_1300;1300;1300;1;548914084.100891;  2.6580;
IJK_IKJ 1350_50;1350;50;1;614702871.062439;  0.6200;
IJK_IKJ 1350_54;1350;54;1;614702871.062439;  0.7280;
IJK_IKJ 1350_75;1350;75;1;614702871.062439;  0.6760;
IJK_IKJ 1350_90;1350;90;1;614702871.062439;  0.6280;
IJK_IKJ 1350_135;1350;135;1;614702871.062439;  0.7420;
IJK_IKJ 1350_150;1350;150;1;614702871.062439;  0.7850;
IJK_IKJ 1350_225;1350;225;1;614702871.062439;  0.7810;
IJK_IKJ 1350_270;1350;270;1;614702871.062439;  0.8980;
IJK_IKJ 1350_450;1350;450;1;614702871.062439;  0.8640;
IJK_IKJ 1350_675;1350;675;1;614702871.062439;  1.2130;
IJK_IKJ 1350_1350;1350;1350;1;614702871.062439;  2.9900;
IJK_IKJ 1400_50;1400;50;1;685801453.897186;  0.6790;
IJK_IKJ 1400_56;1400;56;1;685801453.897186;  0.7920;
IJK_IKJ 1400_70;1400;70;1;685801453.897186;  0.7080;
IJK_IKJ 1400_100;1400;100;1;685801453.897186;  0.7380;
IJK_IKJ 1400_140;1400;140;1;685801453.897186;  0.8240;
IJK_IKJ 1400_175;1400;175;1;685801453.897186;  0.6700;
IJK_IKJ 1400_200;1400;200;1;685801453.897186;  0.7300;
IJK_IKJ 1400_280;1400;280;1;685801453.897186;  1.0060;
IJK_IKJ 1400_350;1400;350;1;685801453.897186;  0.6940;
IJK_IKJ 1400_700;1400;700;1;685801453.897186;  1.3450;
IJK_IKJ 1400_1400;1400;1400;1;685801453.897186;  3.2860;
IJK_IKJ 1450_50;1450;50;1;761890795.218048;  0.8110;
IJK_IKJ 1450_58;1450;58;1;761890795.218048;  0.8990;
IJK_IKJ 1450_145;1450;145;1;761890795.218048;  0.8910;
IJK_IKJ 1450_290;1450;290;1;761890795.218048;  1.1110;
IJK_IKJ 1450_725;1450;725;1;761890795.218048;  1.4890;
IJK_IKJ 1450_1450;1450;1450;1;761890795.218048;  3.5840;
IJK_IKJ 1500_50;1500;50;1;843143885.964233;  0.9360;
IJK_IKJ 1500_60;1500;60;1;843143885.964233;  0.9620;
IJK_IKJ 1500_75;1500;75;1;843143885.964233;  0.8600;
IJK_IKJ 1500_100;1500;100;1;843143885.964233;  0.8520;
IJK_IKJ 1500_125;1500;125;1;843143885.964233;  0.8590;
IJK_IKJ 1500_150;1500;150;1;843143885.964233;  0.9850;
IJK_IKJ 1500_250;1500;250;1;843143885.964233;  1.0520;
IJK_IKJ 1500_300;1500;300;1;843143885.964233;  1.2380;
IJK_IKJ 1500_375;1500;375;1;843143885.964233;  0.8830;
IJK_IKJ 1500_500;1500;500;1;843143885.964233;  1.1480;
IJK_IKJ 1500_750;1500;750;1;843143885.964233;  1.6470;
IJK_IKJ 1500_1500;1500;1500;1;843143885.964233;  3.8530;
SEQ_IKJ 50;50;0;0;31158.402983;  0.0000;
IJK 50;50;0;1;31158.402983;  0.0000;
SEQ_IKJ 100;100;0;0;252041.602030;  0.0010;
IJK 100;100;0;1;252041.602030;  0.0010;
SEQ_IKJ 150;150;0;0;851457.338432;  0.0030;
IJK 150;150;0;1;851457.338432;  0.0040;
SEQ_IKJ 200;200;0;0;2013148.338081;  0.0070;
IJK 200;200;0;1;2013148.338081;  0.0060;
SEQ_IKJ 250;250;0;0;3916482.472366;  0.0140;
IJK 250;250;0;1;3916482.472366;  0.0130;
SEQ_IKJ 300;300;0;0;6749458.746769;  0.0240;
IJK 300;300;0;1;6749458.746769;  0.0210;
SEQ_IKJ 350;350;0;0;10739132.781799;  0.0400;
IJK 350;350;0;1;10739132.781799;  0.0350;
SEQ_IKJ 400;400;0;0;16011961.456619;  0.0630;
IJK 400;400;0;1;16011961.456619;  0.0560;
SEQ_IKJ 450;450;0;0;22837966.687386;  0.0900;
IJK 450;450;0;1;22837966.687386;  0.0810;
SEQ_IKJ 500;500;0;0;31291577.775116;  0.1240;
IJK 500;500;0;1;31291577.775116;  0.1230;
SEQ_IKJ 550;550;0;0;41622108.099876;  0.1630;
IJK 550;550;0;1;41622108.099876;  0.2610;
SEQ_IKJ 600;600;0;0;54020940.959343;  0.2090;
IJK 600;600;0;1;54020940.959343;  0.3730;
SEQ_IKJ 650;650;0;0;68618813.362411;  0.2650;
IJK 650;650;0;1;68618813.362411;  0.5210;
SEQ_IKJ 700;700;0;0;85735807.222778;  0.3300;
IJK 700;700;0;1;85735807.222778;  0.7540;
SEQ_IKJ 750;750;0;0;105402646.756317;  0.4040;
IJK 750;750;0;1;105402646.756317;  1.0350;
SEQ_IKJ 800;800;0;0;127934388.276474;  0.4840;
IJK 800;800;0;1;127934388.276474;  1.3820;
SEQ_IKJ 850;850;0;0;153472550.390396;  0.5840;
IJK 850;850;0;1;153472550.390396;  1.7200;
SEQ_IKJ 900;900;0;0;182189485.648300;  0.6870;
IJK 900;900;0;1;182189485.648300;  2.2030;
SEQ_IKJ 950;950;0;0;214145410.707947;  0.8010;
IJK 950;950;0;1;214145410.707947;  2.6880;
SEQ_IKJ 1000;1000;0;0;249791156.864578;  0.9390;
IJK 1000;1000;0;1;249791156.864578;  3.2200;
SEQ_IKJ 1050;1050;0;0;289274762.074905;  1.0920;
IJK 1050;1050;0;1;289274762.074905;  3.9280;
SEQ_IKJ 1100;1100;0;0;332723817.684433;  1.2690;
IJK 1100;1100;0;1;332723817.684433;  4.6230;
SEQ_IKJ 1150;1150;0;0;380083608.312271;  1.5240;
IJK 1150;1150;0;1;380083608.312271;  5.4620;
SEQ_IKJ 1200;1200;0;0;431911639.452499;  1.8300;
IJK 1200;1200;0;1;431911639.452499;  6.1880;
SEQ_IKJ 1250;1250;0;0;488126436.535645;  2.2390;
IJK 1250;1250;0;1;488126436.535645;  7.1660;
SEQ_IKJ 1300;1300;0;0;549250375.513031;  2.6100;
IJK 1300;1300;0;1;549250375.513031;  8.2010;
SEQ_IKJ 1350;1350;0;0;615342584.572449;  2.9210;
IJK 1350;1350;0;1;615342584.572449;  9.2390;
SEQ_IKJ 1400;1400;0;0;686517016.059875;  3.2210;
IJK 1400;1400;0;1;686517016.059875; 10.3170;
SEQ_IKJ 1450;1450;0;0;762750678.894348;  3.5090;
IJK 1450;1450;0;1;762750678.894348; 11.5770;
SEQ_IKJ 1500;1500;0;0;844224992.334351;  3.7820;
IJK 1500;1500;0;1;844224992.334351; 12.9680;
IJK_IKJ 50_50;50;50;1;31158.402983;  0.0000;
IJK_IKJ 100_50;100;50;1;252041.602030;  0.0010;
IJK_IKJ 100_100;100;100;1;252041.602030;  0.0010;
IJK_IKJ 150_50;150;50;1;851457.338432;  0.0010;
IJK_IKJ 150_75;150;75;1;851457.338432;  0.0020;
IJK_IKJ 150_150;150;150;1;851457.338432;  0.0030;
IJK_IKJ 200_50;200;50;1;2013148.338081;  0.0030;
IJK_IKJ 200_100;200;100;1;2013148.338081;  0.0040;
IJK_IKJ 200_200;200;200;1;2013148.338081;  0.0080;
IJK_IKJ 250_50;250;50;1;3916482.472366;  0.0050;
IJK_IKJ 250_125;250;125;1;3916482.472366;  0.0070;
IJK_IKJ 250_250;250;250;1;3916482.472366;  0.0140;
IJK_IKJ 300_50;300;50;1;6749458.746769;  0.0090;
IJK_IKJ 300_60;300;60;1;6749458.746769;  0.0100;
IJK_IKJ 300_75;300;75;1;6749458.746769;  0.0080;
IJK_IKJ 300_100;300;100;1;6749458.746769;  0.0080;
IJK_IKJ 300_150;300;150;1;6749458.746769;  0.0130;
IJK_IKJ 300_300;300;300;1;6749458.746769;  0.0250;
IJK_IKJ 350_50;350;50;1;10739132.781799;  0.0100;
IJK_IKJ 350_70;350;70;1;10739132.781799;  0.0180;
IJK_IKJ 350_175;350;175;1;10739132.781799;  0.0200;
IJK_IKJ 350_350;350;350;1;10739132.781799;  0.0420;
IJK_IKJ 400_50;400;50;1;16011961.456619;  0.0140;
IJK_IKJ 400_80;400;80;1;16011961.456619;  0.0240;
IJK_IKJ 400_100;400;100;1;16011961.456619;  0.0160;
IJK_IKJ 400_200;400;200;1;16011961.456619;  0.0290;
IJK_IKJ 400_400;400;400;1;16011961.456619;  0.0630;
IJK_IKJ 450_50;450;50;1;22837966.687386;  0.0270;
IJK_IKJ 450_75;450;75;1;22837966.687386;  0.0300;
IJK_IKJ 450_90;450;90;1;22837966.687386;  0.0350;
IJK_IKJ 450_150;450;150;1;22837966.687386;  0.0290;
IJK_IKJ 450_225;450;225;1;22837966.687386;  0.0410;
IJK_IKJ 450_450;450;450;1;22837966.687386;  0.0920;
IJK_IKJ 500_50;500;50;1;31291577.775116;  0.0340;
IJK_IKJ 500_100;500;100;1;31291577.775116;  0.0500;
IJK_IKJ 500_125;500;125;1;31291577.775116;  0.0330;
IJK_IKJ 500_250;500;250;1;31291577.775116;  0.0560;
IJK_IKJ 500_500;500;500;1;31291577.775116;  0.1260;
IJK_IKJ 550_50;550;50;1;41622108.099876;  0.0440;
IJK_IKJ 550_55;550;55;1;41622108.099876;  0.0540;
IJK_IKJ 550_110;550;110;1;41622108.099876;  0.0660;
IJK_IKJ 550_275;550;275;1;41622108.099876;  0.0740;
IJK_IKJ 550_550;550;550;1;41622108.099876;  0.1650;
IJK_IKJ 600_50;600;50;1;54020940.959343;  0.0980;
IJK_IKJ 600_60;600;60;1;54020940.959343;  0.0760;
IJK_IKJ 600_75;600;75;1;54020940.959343;  0.0550;
IJK_IKJ 600_100;600;100;1;54020940.959343;  0.0660;
IJK_IKJ 600_120;600;120;1;54020940.959343;  0.0960;
IJK_IKJ 600_150;600;150;1;54020940.959343;  0.0530;
IJK_IKJ 600_200;600;200;1;54020940.959343;  0.0680;
IJK_IKJ 600_300;600;300;1;54020940.959343;  0.0980;
IJK_IKJ 600_600;600;600;1;54020940.959343;  0.2150;
IJK_IKJ 650_50;650;50;1;68618813.362411;  0.0970;
IJK_IKJ 650_65;650;65;1;68618813.362411;  0.0840;
IJK_IKJ 650_130;650;130;1;68618813.362411;  0.1080;
IJK_IKJ 650_325;650;325;1;68618813.362411;  0.1260;
IJK_IKJ 650_650;650;650;1;68618813.362411;  0.2740;
IJK_IKJ 700_50;700;50;1;85735807.222778;  0.0970;
IJK_IKJ 700_70;700;70;1;85735807.222778;  0.1020;
IJK_IKJ 700_100;700;100;1;85735807.222778;  0.0920;
IJK_IKJ 700_140;700;140;1;85735807.222778;  0.1350;
IJK_IKJ 700_175;700;175;1;85735807.222778;  0.0820;
IJK_IKJ 700_350;700;350;1;85735807.222778;  0.1630;
IJK_IKJ 700_700;700;700;1;85735807.222778;  0.3350;
IJK_IKJ 750_50;750;50;1;105402646.756317;  0.1040;
IJK_IKJ 750_75;750;75;1;105402646.756317;  0.1250;
IJK_IKJ 750_125;750;125;1;105402646.756317;  0.1390;
IJK_IKJ 750_150;750;150;1;105402646.756317;  0.1730;
IJK_IKJ 750_250;750;250;1;105402646.756317;  0.1270;
IJK_IKJ 750_375;750;375;1;105402646.756317;  0.2090;
IJK_IKJ 750_750;750;750;1;105402646.756317;  0.4110;
IJK_IKJ 800_50;800;50;1;127934388.276474;  0.1490;
IJK_IKJ 800_80;800;80;1;127934388.276474;  0.1520;
IJK_IKJ 800_100;800;100;1;127934388.276474;  0.1240;
IJK_IKJ 800_160;800;160;1;127934388.276474;  0.1980;
IJK_IKJ 800_200;800;200;1;127934388.276474;  0.1220;
IJK_IKJ 800_400;800;400;1;127934388.276474;  0.2560;
IJK_IKJ 800_800;800;800;1;127934388.276474;  0.5010;
IJK_IKJ 850_50;850;50;1;153472550.390396;  0.1620;
IJK_IKJ 850_85;850;85;1;153472550.390396;  0.1780;
IJK_IKJ 850_170;850;170;1;153472550.390396;  0.2320;
IJK_IKJ 850_425;850;425;1;153472550.390396;  0.3110;
IJK_IKJ 850_850;850;850;1;153472550.390396;  0.5920;
IJK_IKJ 900_50;900;50;1;182189485.648300;  0.2170;
IJK_IKJ 900_60;900;60;1;182189485.648300;  0.1950;
IJK_IKJ 900_75;900;75;1;182189485.648300;  0.1940;
IJK_IKJ 900_90;900;90;1;182189485.648300;  0.2110;
IJK_IKJ 900_100;900;100;1;182189485.648300;  0.2290;
IJK_IKJ 900_150;900;150;1;182189485.648300;  0.2330;
IJK_IKJ 900_180;900;180;1;182189485.648300;  0.2740;
IJK_IKJ 900_225;900;225;1;182189485.648300;  0.1730;
IJK_IKJ 900_300;900;300;1;182189485.648300;  0.2180;
IJK_IKJ 900_450;900;450;1;182189485.648300;  0.3690;
IJK_IKJ 900_900;900;900;1;182189485.648300;  0.7050;
IJK_IKJ 950_50;950;50;1;214145410.707947;  0.2230;
IJK_IKJ 950_95;950;95;1;214145410.707947;  0.2480;
IJK_IKJ 950_190;950;190;1;214145410.707947;  0.3190;
IJK_IKJ 950_475;950;475;1;214145410.707947;  0.4340;
IJK_IKJ 950_950;950;950;1;214145410.707947;  0.8340;
IJK_IKJ 1000_50;1000;50;1;249791156.864578;  0.2660;
IJK_IKJ 1000_100;1000;100;1;249791156.864578;  0.2920;
IJK_IKJ 1000_125;1000;125;1;249791156.864578;  0.2550;
IJK_IKJ 1000_200;1000;200;1;249791156.864578;  0.3730;
IJK_IKJ 1000_250;1000;250;1;249791156.864578;  0.2960;
IJK_IKJ 1000_500;1000;500;1;249791156.864578;  0.5010;
IJK_IKJ 1000_1000;1000;1000;1;249791156.864578;  0.9720;
IJK_IKJ 1050_50;1050;50;1;289274762.074905;  0.3150;
IJK_IKJ 1050_70;1050;70;1;289274762.074905;  0.3140;
IJK_IKJ 1050_75;1050;75;1;289274762.074905;  0.3510;
IJK_IKJ 1050_105;1050;105;1;289274762.074905;  0.3360;
IJK_IKJ 1050_150;1050;150;1;289274762.074905;  0.3150;
IJK_IKJ 1050_175;1050;175;1;289274762.074905;  0.3640;
IJK_IKJ 1050_210;1050;210;1;289274762.074905;  0.4250;
IJK_IKJ 1050_350;1050;350;1;289274762.074905;  0.3990;
IJK_IKJ 1050_525;1050;525;1;289274762.074905;  0.5840;
IJK_IKJ 1050_1050;1050;1050;1;289274762.074905;  1.1360;
IJK_IKJ 1100_50;1100;50;1;332723817.684433;  0.3430;
IJK_IKJ 1100_55;1100;55;1;332723817.684433;  0.3520;
IJK_IKJ 1100_100;1100;100;1;332723817.684433;  0.3600;
IJK_IKJ 1100_110;1100;110;1;332723817.684433;  0.3910;
IJK_IKJ 1100_220;1100;220;1;332723817.684433;  0.5180;
IJK_IKJ 1100_275;1100;275;1;332723817.684433;  0.3330;
IJK_IKJ 1100_550;1100;550;1;332723817.684433;  0.6620;
IJK_IKJ 1100_1100;1100;1100;1;332723817.684433;  1.3060;
IJK_IKJ 1150_50;1150;50;1;380083608.312271;  0.4030;
IJK_IKJ 1150_115;1150;115;1;380083608.312271;  0.4600;
IJK_IKJ 1150_230;1150;230;1;380083608.312271;  0.5910;
IJK_IKJ 1150_575;1150;575;1;380083608.312271;  0.7560;
IJK_IKJ 1150_1150;1150;1150;1;380083608.312271;  1.5550;
IJK_IKJ 1200_50;1200;50;1;431911639.452499;  0.4090;
IJK_IKJ 1200_60;1200;60;1;431911639.452499;  0.4490;
IJK_IKJ 1200_75;1200;75;1;431911639.452499;  0.4330;
IJK_IKJ 1200_80;1200;80;1;431911639.452499;  0.4390;
IJK_IKJ 1200_100;1200;100;1;431911639.452499;  0.4310;
IJK_IKJ 1200_120;1200;120;1;431911639.452499;  0.5150;
IJK_IKJ 1200_150;1200;150;1;431911639.452499;  0.4280;
IJK_IKJ 1200_200;1200;200;1;431911639.452499;  0.5370;
IJK_IKJ 1200_240;1200;240;1;431911639.452499;  0.6490;
IJK_IKJ 1200_300;1200;300;1;431911639.452499;  0.4640;
IJK_IKJ 1200_400;1200;400;1;431911639.452499;  0.5810;
IJK_IKJ 1200_600;1200;600;1;431911639.452499;  0.8590;
IJK_IKJ 1200_1200;1200;1200;1;431911639.452499;  1.8890;
IJK_IKJ 1250_50;1250;50;1;488126436.535645;  0.5360;
IJK_IKJ 1250_125;1250;125;1;488126436.535645;  0.5770;
IJK_IKJ 1250_250;1250;250;1;488126436.535645;  0.7170;
IJK_IKJ 1250_625;1250;625;1;488126436.535645;  0.9590;
IJK_IKJ 1250_1250;1250;1250;1;488126436.535645;  2.2850;
IJK_IKJ 1300_50;1300;50;1;549250375.513031;  0.5920;
IJK_IKJ 1300_52;1300;52;1;549250375.513031;  0.6400;
IJK_IKJ 1300_65;1300;65;1;549250375.513031;  0.5590;
IJK_IKJ 1300_100;1300;100;1;549250375.513031;  0.6390;
IJK_IKJ 1300_130;1300;130;1;549250375.513031;  0.7030;
IJK_IKJ 1300_260;1300;260;1;549250375.513031;  0.8020;
IJK_IKJ 1300_325;1300;325;1;549250375.513031;  0.5360;
IJK_IKJ 1300_650;1300;650;1;549250375.513031;  1.0860;
IJK_IKJ 1300_1300;1300;1300;1;549250375.513031;  2.6570;
IJK_IKJ 1350_50;1350;50;1;615342584.572449;  0.6210;
IJK_IKJ 1350_54;1350;54;1;615342584.572449;  0.7290;
IJK_IKJ 1350_75;1350;75;1;615342584.572449;  0.6840;
IJK_IKJ 1350_90;1350;90;1;615342584.572449;  0.6610;
IJK_IKJ 1350_135;1350;135;1;615342584.572449;  0.7310;
IJK_IKJ 1350_150;1350;150;1;615342584.572449;  0.7860;
IJK_IKJ 1350_225;1350;225;1;615342584.572449;  0.7480;
IJK_IKJ 1350_270;1350;270;1;615342584.572449;  0.8880;
IJK_IKJ 1350_450;1350;450;1;615342584.572449;  0.8770;
IJK_IKJ 1350_675;1350;675;1;615342584.572449;  1.2100;
IJK_IKJ 1350_1350;1350;1350;1;615342584.572449;  2.9800;
IJK_IKJ 1400_50;1400;50;1;686517016.059875;  0.6680;
IJK_IKJ 1400_56;1400;56;1;686517016.059875;  0.7910;
IJK_IKJ 1400_70;1400;70;1;686517016.059875;  0.6960;
IJK_IKJ 1400_100;1400;100;1;686517016.059875;  0.7410;
IJK_IKJ 1400_140;1400;140;1;686517016.059875;  0.8260;
IJK_IKJ 1400_175;1400;175;1;686517016.059875;  0.6630;
IJK_IKJ 1400_200;1400;200;1;686517016.059875;  0.7280;
IJK_IKJ 1400_280;1400;280;1;686517016.059875;  0.9880;
IJK_IKJ 1400_350;1400;350;1;686517016.059875;  0.7110;
IJK_IKJ 1400_700;1400;700;1;686517016.059875;  1.3610;
IJK_IKJ 1400_1400;1400;1400;1;686517016.059875;  3.2760;
IJK_IKJ 1450_50;1450;50;1;762750678.894348;  0.7790;
IJK_IKJ 1450_58;1450;58;1;762750678.894348;  0.8860;
IJK_IKJ 1450_145;1450;145;1;762750678.894348;  0.9120;
IJK_IKJ 1450_290;1450;290;1;762750678.894348;  1.1010;
IJK_IKJ 1450_725;1450;725;1;762750678.894348;  1.4970;
IJK_IKJ 1450_1450;1450;1450;1;762750678.894348;  3.5810;
IJK_IKJ 1500_50;1500;50;1;844224992.334351;  0.8930;
IJK_IKJ 1500_60;1500;60;1;844224992.334351;  0.9590;
IJK_IKJ 1500_75;1500;75;1;844224992.334351;  0.9140;
IJK_IKJ 1500_100;1500;100;1;844224992.334351;  0.8450;
IJK_IKJ 1500_125;1500;125;1;844224992.334351;  0.8540;
IJK_IKJ 1500_150;1500;150;1;844224992.334351;  0.9840;
IJK_IKJ 1500_250;1500;250;1;844224992.334351;  1.0230;
IJK_IKJ 1500_300;1500;300;1;844224992.334351;  1.2300;
IJK_IKJ 1500_375;1500;375;1;844224992.334351;  0.9010;
IJK_IKJ 1500_500;1500;500;1;844224992.334351;  1.1400;
IJK_IKJ 1500_750;1500;750;1;844224992.334351;  1.6550;
IJK_IKJ 1500_1500;1500;1500;1;844224992.334351;  3.8650;
