"Function / Call Stack","INST_RETIRED.ANY","CPU_CLK_UNHALTED.THREAD","CPU_CLK_UNHALTED.REF_TSC","DTLB_LOAD_MISSES.MISS_CAUSES_A_WALK","ITLB_MISSES.MISS_CAUSES_A_WALK","MEM_LOAD_RETIRED.L1_HIT_PS","MEM_LOAD_RETIRED.L1_MISS_PS","MEM_LOAD_RETIRED.L2_HIT_PS","MEM_LOAD_RETIRED.L2_MISS_PS","MEM_LOAD_RETIRED.L3_HIT_PS","MEM_LOAD_RETIRED.L3_MISS_PS"
"multiply_matrices_ijk_1700$omp$1","173671800000","588724000000","485108000000","35506140000","200000","49458800000","49065600000","34977680000","13991640000","12733040000","888240000"
"multiply_matrices_ijk_1650$omp$1","158771200000","526384000000","433516000000","31126660000","1600000","44987600000","44598800000","32083920000","12890280000","11841280000","695480000"
"multiply_matrices_ijk_1600$omp$1","144867400000","439188000000","361934000000","23996820000","1000000","40860000000","40573800000","5573360000","35417600000","34512000000","523640000"
"multiply_matrices_ijk_1550$omp$1","131484200000","338864000000","279050000000","18761420000","600000","37395000000","37180000000","28505720000","8558360000","7816440000","446240000"
"multiply_matrices_ijk_1500$omp$1","119001400000","216794000000","177994000000","8858160000","800000","33794000000","33691400000","26674800000","6844800000","6203840000","346640000"
"multiply_matrices_ijk_1450$omp$1","107482600000","193686000000","159160000000","6548400000","200000","30144600000","30011800000","25473360000","5167520000","4650640000","255840000"
"multiply_matrices_ijk_1400$omp$1","96700600000","160456000000","131938000000","2987160000","200000","27441400000","27600400000","23172880000","3984160000","3461160000","242000000"
"clean$omp$1","95465200000","29312000000","23846000000","120000","200000","259800000","6600000","3480000","2800000","1200000","0"
"multiply_matrices_ijk_1350$omp$1","86735600000","155674000000","127784000000","3565240000","600000","24277800000","24127000000","21366280000","3383800000","3010800000","178560000"
"multiply_matrices_ijk_1300$omp$1","77448000000","130022000000","106880000000","3264780000","200000","21692000000","21689600000","19466600000","2611360000","2312440000","144000000"
"multiply_matrices_ijk_1250$omp$1","68825400000","114544000000","94176000000","874520000","400000","19327600000","19272000000","17320480000","2253240000","2031320000","99880000"
"multiply_matrices_ijk_1200$omp$1","60893000000","90440000000","74390000000","605200000","400000","17076400000","17270800000","15558520000","1695600000","1475920000","89640000"
"multiply_matrices_ijk_1150$omp$1","53602800000","86082000000","70778000000","581660000","0","14904200000","14913600000","14137640000","1232240000","1106280000","56400000"
"multiply_matrices_ijk_1100$omp$1","46909400000","70316000000","57896000000","470960000","200000","13183200000","13211600000","12270160000","1067720000","981600000","38680000"
"func@0x18000d515","12521000000","5574000000","4532000000","140000","0","3571400000","200000","400000","40000","0","0"
"rand","9885800000","3386000000","2650000000","0","0","1740800000","200000","320000","40000","40000","0"
"FlsGetValue","9479000000","5530000000","4454000000","0","0","3633000000","600000","480000","40000","40000","0"
"func@0x18000d0a0","6605400000","3698000000","3080000000","800000","0","3871400000","200000","0","40000","0","0"
"NtYieldExecution","5816600000","40166000000","32718000000","60000","2800000","2480600000","3400000","3120000","560000","240000","0"
"RtlRestoreLastWin32Error","5193200000","3134000000","2530000000","60000","400000","1558800000","400000","80000","0","0","0"
"func@0x1401872dc","4880200000","45038000000","37056000000","120000","61400000","1231600000","3200000","3800000","560000","280000","40000"
"func@0x180012560","4452400000","5148000000","4396000000","0","0","2700600000","400000","320000","40000","40000","0"
"clean_1600$omp$1","3202000000","654000000","576000000","0","0","422800000","0","40000","0","0","0"
"clean_1650$omp$1","3014200000","756000000","638000000","0","0","617200000","0","0","0","0","0"
"clean_1700$omp$1","2879800000","684000000","596000000","0","0","693600000","0","80000","80000","0","0"
"clean_1550$omp$1","2669600000","686000000","580000000","0","0","462600000","0","40000","0","0","0"
"clean_1500$omp$1","2402000000","580000000","450000000","0","0","482800000","0","0","0","0","0"
"clean_1400$omp$1","2355400000","550000000","440000000","0","0","340000000","0","40000","40000","0","0"
"clean_1450$omp$1","2344600000","520000000","458000000","0","0","457800000","0","0","0","0","0"
"clean_1350$omp$1","2259200000","442000000","384000000","0","0","505200000","0","40000","0","0","0"
"func@0x1400d4ea0","2216600000","2988000000","2590000000","100000","0","655600000","2200000","1520000","360000","160000","0"
"GetLastError","2108600000","824000000","638000000","0","0","671000000","0","40000","0","0","0"
"clean_1300$omp$1","1872200000","440000000","378000000","0","0","314800000","0","80000","0","0","0"
"clean_1200$omp$1","1852000000","332000000","290000000","0","0","306800000","200000","120000","0","0","0"
"func@0x180090ed0","1764800000","1096000000","954000000","0","0","304000000","200000","40000","0","0","0"
"clean_1150$omp$1","1752800000","394000000","314000000","0","0","266000000","200000","40000","0","0","0"
"clean_1250$omp$1","1741800000","416000000","304000000","0","0","376200000","0","0","0","80000","0"
"func@0x180044a60","1596800000","1218000000","942000000","0","0","656600000","0","80000","0","0","0"
"func@0x140225f80","1235600000","834000000","690000000","140000","0","218800000","1800000","720000","1200000","400000","40000"
"clean_1100$omp$1","1166400000","332000000","284000000","0","0","247600000","0","0","0","0","0"
"func@0x140070e90","1164400000","1312000000","932000000","0","0","241400000","4800000","1640000","1080000","200000","0"
"func@0x140069d70","1164000000","1684000000","1448000000","20000","0","299000000","8000000","720000","5520000","1240000","0"
"func@0x140184002","849800000","5006000000","4154000000","80000","5200000","145400000","4600000","2880000","2000000","1520000","0"
"func@0x1800046a0","674400000","7554000000","6312000000","140000","5400000","234200000","5200000","600000","5040000","1840000","80000"
"func@0x140080309","659600000","1578000000","1332000000","100000","0","105800000","200000","200000","1280000","120000","880000"
"func@0x140083590","639800000","772000000","720000000","300000","0","127000000","4200000","1680000","4520000","2920000","720000"
"func@0x1400860b0","493600000","1032000000","768000000","120000","0","140400000","6600000","3800000","5600000","1760000","1360000"
"func@0x1400718b0","491400000","700000000","630000000","0","0","125000000","5200000","2920000","2560000","400000","0"
"func@0x1400727b0","475200000","398000000","432000000","20000","0","83000000","5400000","1240000","2360000","240000","400000"
"func@0x1400722b0","454600000","424000000","370000000","20000","0","96600000","6800000","720000","4360000","360000","3560000"
"func@0x140086800","454400000","952000000","738000000","180000","0","82800000","2600000","120000","2720000","160000","2280000"
"func@0x1400813b0","449200000","200000000","176000000","0","0","43600000","1800000","0","3440000","0","3160000"
"func@0x140085fbd","429400000","228000000","166000000","0","0","67600000","200000","0","40000","0","0"
"func@0x140070540","429000000","514000000","416000000","20000","0","101000000","7400000","2280000","3880000","400000","0"
"func@0x140071de6","392200000","220000000","148000000","0","0","69000000","800000","200000","40000","0","0"
"func@0x140171124","385800000","370000000","274000000","0","0","47000000","200000","160000","280000","200000","40000"
"func@0x14006ee20","319000000","472000000","410000000","20000","0","45800000","3200000","2480000","840000","320000","0"
"func@0x140225f2c","288800000","248000000","208000000","0","0","51600000","0","40000","80000","40000","0"
"func@0x140068550","259400000","3698000000","3022000000","0","0","25400000","4600000","80000","5400000","760000","0"
"RtlGetCurrentUmsThread","170400000","1072000000","852000000","200000","3400000","18000000","600000","280000","40000","0","0"
"func@0x140177270","163000000","2304000000","1876000000","11540000","1600000","30800000","17800000","8120000","9400000","8040000","1080000"
"func@0x14006b220","157200000","118000000","68000000","0","0","25200000","1600000","280000","1200000","560000","0"
"func@0x1401710f0","150600000","82000000","74000000","0","0","32400000","1200000","360000","1000000","600000","0"
"func@0x180001d48","137200000","1908000000","1414000000","20000","600000","61600000","400000","280000","0","0","0"
"func@0x1400e22e0","132800000","910000000","794000000","80000","0","21400000","200000","0","120000","0","80000"
"ExpInterlockedPopEntrySList","121600000","938000000","878000000","300000","0","16800000","3000000","640000","2360000","360000","80000"
"func@0x140078970","116600000","124000000","98000000","0","0","28400000","200000","40000","0","0","0"
"KeClockInterruptNotify","116400000","686000000","606000000","1740000","0","27200000","7600000","1000000","5680000","4280000","440000"
"func@0x1c00017fd","98200000","126000000","80000000","0","200000","12000000","0","80000","80000","0","40000"
"func@0x140206958","97200000","130000000","94000000","60000","0","21800000","4400000","720000","3520000","3160000","520000"
"func@0x140094820","91200000","142000000","130000000","360000","0","20000000","5600000","2360000","2880000","3000000","40000"
"func@0x1400801d7","85200000","74000000","38000000","0","0","13800000","0","0","0","0","0"
"func@0x14017ca90","64800000","994000000","844000000","3540000","400000","10200000","7000000","3120000","2960000","1920000","80000"
"func@0x140153060","60600000","88000000","68000000","20000","0","18400000","600000","120000","240000","200000","80000"
"func@0x140225f54","59800000","50000000","72000000","0","0","3600000","0","40000","0","0","0"
"func@0x1400f3650","58600000","636000000","522000000","2220000","400000","13400000","3600000","1400000","2200000","2640000","40000"
"func@0x140086700","55800000","22000000","18000000","0","0","2600000","0","0","0","0","0"
"func@0x14007d4d0","53800000","64000000","56000000","0","0","28400000","400000","0","120000","0","0"
"func@0x140171154","50800000","16000000","28000000","0","0","10400000","0","40000","0","0","0"
"func@0x1400b5ebf","47000000","252000000","224000000","120000","800000","10000000","200000","240000","120000","0","40000"
"func@0x1400c4270","39400000","56000000","52000000","0","0","7400000","600000","120000","400000","280000","160000"
"func@0x1400c5580","39000000","144000000","142000000","800000","0","12200000","400000","80000","760000","160000","600000"
"SwitchToThread","37800000","1194000000","1012000000","20000","400000","14200000","400000","440000","40000","0","0"
"func@0x140012cc0","35800000","154000000","146000000","120000","0","6200000","1200000","240000","1200000","360000","560000"
"HalRequestClockInterrupt","34400000","168000000","136000000","360000","0","9200000","800000","80000","840000","880000","160000"
"func@0x1400c5d90","28600000","130000000","124000000","100000","0","7200000","800000","400000","560000","280000","80000"
"func@0x14000ab40","28600000","28000000","8000000","40000","0","1800000","600000","0","40000","0","0"
"func@0x1400faf90","27400000","28000000","16000000","40000","0","1800000","0","40000","80000","0","0"
"func@0x140086fd0","26800000","54000000","42000000","0","0","2200000","800000","320000","400000","40000","120000"
"GetTickCount","25000000","1784000000","1476000000","240000","400000","4200000","0","0","0","0","0"
"func@0x1400e2798","24800000","14000000","6000000","0","0","5000000","200000","520000","120000","0","0"
"func@0x1400b5f40","23600000","142000000","90000000","20000","0","3800000","0","0","0","0","0"
"func@0x140206b98","23600000","20000000","16000000","0","0","6400000","1400000","200000","1120000","640000","0"
"func@0x1400c99a0","22800000","62000000","44000000","100000","0","2000000","600000","80000","360000","320000","120000"
"RtlCopyMemory","22600000","46000000","54000000","0","0","2200000","600000","360000","520000","160000","400000"
"func@0x1c00033b0","21800000","42000000","44000000","0","0","3800000","200000","280000","600000","800000","40000"
"func@0x14042f9c0","20400000","38000000","18000000","0","0","800000","200000","0","40000","0","0"
"func@0x14017cc10","19800000","20000000","38000000","40000","0","7600000","200000","200000","400000","120000","40000"
"func@0x14017a4d0","19600000","88000000","56000000","20000","0","6600000","1400000","400000","320000","120000","40000"
"func@0x1400f7b50","18600000","34000000","18000000","0","0","200000","0","0","0","0","0"
"func@0x14006cc30","16800000","20000000","8000000","0","0","2000000","0","0","0","0","0"
"KeAndGroupAffinityEx","15600000","30000000","28000000","120000","0","3400000","0","0","80000","80000","40000"
"func@0x14006b8d0","14200000","16000000","20000000","0","0","4600000","0","200000","40000","40000","0"
"KeSetEvent","14000000","50000000","36000000","40000","0","3600000","400000","0","200000","0","200000"
"func@0x140070e1d","14000000","18000000","22000000","0","0","1800000","0","0","0","0","0"
"func@0x14006d7f0","13000000","20000000","8000000","0","0","1600000","0","0","0","0","0"
"func@0x140083160","13000000","26000000","8000000","20000","0","1000000","0","0","40000","120000","0"
"func@0x14000a980","12600000","14000000","20000000","20000","0","600000","0","0","0","0","0"
"func@0x1401baac9","12400000","14000000","24000000","0","0","4200000","400000","80000","640000","600000","0"
"func@0x1400c95b0","12400000","28000000","36000000","0","0","3200000","400000","40000","360000","400000","80000"
"KeStallExecutionProcessor","11600000","106000000","48000000","0","0","3400000","0","0","0","0","0"
"func@0x1c0001110","11200000","20000000","20000000","0","0","600000","0","40000","0","0","0"
"func@0x1400b3f00","10400000","22000000","12000000","0","200000","1600000","200000","40000","120000","40000","0"
"func@0x1400e2864","10200000","52000000","28000000","0","0","800000","0","0","40000","0","0"
"KeGetProcessorIndexFromNumber","10000000","20000000","14000000","20000","0","3000000","200000","120000","200000","120000","40000"
"func@0x1400bed60","10000000","66000000","48000000","120000","0","3600000","0","80000","120000","80000","80000"
"func@0x1400847c0","9600000","50000000","20000000","20000","0","200000","0","0","0","0","0"
"memcpy_s","9600000","22000000","4000000","0","0","400000","0","80000","0","0","0"
"func@0x140139980","9200000","20000000","20000000","0","0","200000","0","80000","760000","360000","160000"
"func@0x140206c08","9200000","24000000","42000000","240000","0","2000000","600000","80000","520000","160000","200000"
"HalSendSoftwareInterrupt","9000000","42000000","34000000","60000","0","1600000","800000","160000","360000","120000","0"
"func@0x1c0003470","9000000","68000000","66000000","460000","0","1600000","400000","320000","520000","320000","40000"
"KeQueryPerformanceCounter","9000000","50000000","46000000","20000","0","3600000","800000","160000","400000","240000","80000"
"KeAcquireInStackQueuedSpinLock","8800000","38000000","34000000","60000","0","3600000","200000","40000","200000","40000","0"
"func@0x1400c51c0","8200000","40000000","28000000","20000","0","1400000","0","80000","80000","120000","0"
"KeLowerIrql","8200000","16000000","10000000","0","0","2400000","0","0","0","0","0"
"KeReleaseInStackQueuedSpinLock","8000000","28000000","34000000","0","0","2600000","0","0","0","0","40000"
"func@0x140085f52","8000000","28000000","14000000","0","0","1200000","0","0","0","0","0"
"memset","7800000","4000000","16000000","0","0","600000","400000","0","40000","160000","40000"
"func@0x1c0008da0","7800000","30000000","42000000","20000","0","2200000","0","0","0","80000","40000"
"func@0x140099030","7600000","10000000","10000000","20000","0","4000000","200000","80000","120000","0","0"
"func@0x1400c9260","7600000","68000000","36000000","140000","0","2000000","0","40000","80000","160000","0"
"func@0x140006340","7600000","96000000","60000000","60000","0","3600000","800000","280000","680000","0","320000"
"func@0x1400b51f0","7400000","2000000","14000000","0","0","1400000","0","0","0","0","0"
"func@0x1400c6960","7400000","38000000","24000000","0","0","2200000","200000","80000","200000","240000","40000"
"func@0x1400b5830","7200000","26000000","22000000","0","0","1800000","0","0","80000","0","0"
"func@0x140213c30","7200000","10000000","18000000","0","0","2200000","0","0","40000","0","40000"
"func@0x140098b60","7200000","20000000","20000000","60000","0","1200000","400000","40000","240000","0","40000"
"KeAndAffinityEx","6600000","32000000","24000000","20000","0","800000","200000","0","200000","280000","120000"
"func@0x1400cf960","6600000","18000000","10000000","80000","0","800000","0","40000","40000","0","0"
"KeReleaseInStackQueuedSpinLockFromDpcLevel","6400000","14000000","28000000","40000","0","2400000","0","40000","0","0","0"
"func@0x1400e26f8","6200000","8000000","4000000","0","0","600000","0","40000","0","0","0"
"func@0x140099520","6000000","8000000","0","0","0","2000000","0","160000","0","0","0"
"func@0x140099bc0","5400000","6000000","10000000","20000","0","400000","200000","80000","80000","0","0"
"KeAcquireInStackQueuedSpinLockAtDpcLevel","5200000","48000000","30000000","0","0","800000","0","0","80000","120000","40000"
"func@0x140006f20","5000000","40000000","22000000","140000","0","200000","400000","120000","760000","0","560000"
"HalRequestIpi","5000000","14000000","22000000","0","0","800000","600000","40000","0","120000","0"
"func@0x140069910","5000000","2000000","4000000","0","0","600000","0","0","40000","0","0"
"func@0x1400d62a0","5000000","22000000","16000000","20000","0","1000000","0","0","240000","0","80000"
"func@0x1c000a200","4800000","6000000","8000000","20000","0","1200000","600000","40000","40000","0","0"
"KfRaiseIrql","4800000","14000000","16000000","0","0","2800000","0","0","0","0","40000"
"func@0x1401578cc","4600000","6000000","4000000","0","0","1200000","0","0","0","0","0"
"func@0x1403270f0","4400000","8000000","12000000","0","0","800000","200000","120000","0","0","0"
"func@0x1400986c0","4400000","14000000","4000000","0","0","600000","200000","0","0","0","0"
"func@0x1400061b0","4400000","6000000","2000000","0","0","1200000","200000","160000","80000","0","0"
"func@0x1c0001300","4400000","2000000","8000000","20000","0","200000","0","0","0","0","0"
"func@0x1402308a3","4400000","28000000","26000000","0","0","1600000","0","0","0","0","0"
"KeReleaseSpinLock","4200000","16000000","14000000","0","0","1000000","0","0","0","0","0"
"func@0x14017a267","4200000","114000000","82000000","380000","600000","2000000","400000","240000","240000","120000","200000"
"func@0x1400b5da0","4200000","12000000","2000000","0","0","800000","0","0","40000","0","0"
"func@0x140212d70","4200000","30000000","32000000","0","200000","2200000","0","80000","120000","0","160000"
"func@0x1400cf760","4000000","92000000","94000000","0","0","1200000","0","0","0","0","0"
"func@0x140176ff0","4000000","80000000","66000000","280000","0","600000","200000","160000","200000","160000","0"
"func@0x1402247c0","3800000","6000000","2000000","0","0","600000","0","0","0","0","0"
"KeAcquireSpinLockRaiseToDpc","3800000","42000000","34000000","0","0","800000","400000","0","80000","0","80000"
"func@0x14010bbf0","3800000","6000000","8000000","0","0","0","0","0","0","0","0"
"func@0x1400c47d0","3800000","18000000","18000000","20000","0","2600000","200000","40000","160000","120000","40000"
"func@0x14017ce60","3600000","70000000","50000000","300000","0","1600000","200000","80000","0","120000","40000"
"func@0x1c0004d7c","3600000","38000000","16000000","80000","0","400000","400000","0","0","0","80000"
"func@0x1c00183c0","3600000","14000000","8000000","0","0","0","0","0","0","0","0"
"func@0x14009723f","3400000","68000000","58000000","0","200000","2400000","0","0","0","0","0"
"func@0x1400e2660","3400000","2000000","0","0","0","2200000","0","0","0","0","0"
"func@0x1400c4b10","3400000","18000000","38000000","100000","0","400000","400000","80000","120000","0","80000"
"ExpInterlockedPushEntrySList","3400000","10000000","6000000","20000","0","1400000","0","0","80000","0","0"
"func@0x1400be9b0","3400000","36000000","20000000","60000","0","800000","0","40000","40000","0","40000"
"func@0x14009903b","3400000","52000000","26000000","0","400000","2200000","0","0","0","0","0"
"func@0x140009fd0","3200000","46000000","52000000","20000","0","800000","0","40000","40000","80000","40000"
"func@0x1c005f6e0","3200000","2000000","0","0","0","0","0","40000","0","0","0"
"func@0x1c0001240","3200000","4000000","2000000","0","0","0","200000","0","0","0","0"
"func@0x140098f50","3200000","2000000","0","0","0","600000","200000","0","0","0","0"
"func@0x1400bb400","3000000","16000000","10000000","0","0","1400000","0","0","0","0","0"
"func@0x14009ad20","3000000","6000000","16000000","0","0","200000","0","120000","0","0","0"
"func@0x1400c61b0","3000000","14000000","6000000","40000","0","1600000","0","40000","80000","80000","120000"
"func@0x1c00029e0","2800000","20000000","12000000","40000","0","600000","0","120000","120000","80000","40000"
"func@0x1401bc5f0","2800000","6000000","4000000","0","0","600000","200000","0","320000","40000","120000"
"HmgNextOwned","2800000","0","2000000","0","0","0","0","0","0","40000","0"
"func@0x14031bf50","2800000","14000000","14000000","0","0","400000","200000","80000","0","0","0"
"SwitchToThread","2800000","126000000","92000000","60000","0","600000","0","40000","0","0","0"
"func@0x1400b5300","2800000","8000000","2000000","0","0","1800000","0","0","0","0","0"
"func@0x140098220","2800000","4000000","4000000","0","0","200000","0","0","0","0","0"
"func@0x1401d69f0","2800000","16000000","8000000","0","0","200000","200000","80000","40000","0","0"
"func@0x1c0029efc","2600000","2000000","6000000","0","0","0","0","0","0","0","0"
"func@0x1c00012b2","2600000","2000000","0","0","0","0","0","0","0","0","0"
"func@0x18001f1e0","2600000","2000000","0","0","0","1000000","0","0","0","0","0"
"func@0x1c00065b0","2600000","22000000","20000000","0","0","1000000","0","0","0","40000","0"
"func@0x1402156a0","2600000","10000000","8000000","0","0","600000","0","0","0","40000","0"
"func@0x1c002a580","2600000","18000000","14000000","0","0","200000","0","0","0","0","0"
"func@0x1400d9d20","2600000","6000000","4000000","0","0","800000","0","0","0","0","0"
"func@0x1400c651d","2600000","18000000","12000000","20000","0","2200000","200000","40000","0","0","0"
"func@0x1c0004eb0","2400000","2000000","0","0","0","600000","0","0","0","0","0"
"func@0x1401e1980","2400000","40000000","52000000","0","0","400000","200000","0","80000","40000","0"
"WdLogNewEntry5_WdEvent","2400000","8000000","2000000","20000","0","600000","0","0","40000","0","0"
"func@0x1401792b0","2400000","22000000","18000000","0","0","200000","0","0","80000","40000","0"
"func@0x1400cec10","2400000","12000000","20000000","0","0","0","400000","40000","40000","40000","0"
"func@0x1c000c020","2400000","10000000","6000000","20000","0","400000","0","80000","40000","0","0"
"func@0x1c0001010","2400000","10000000","8000000","0","0","200000","0","0","0","0","0"
"func@0x140320cc9","2400000","26000000","6000000","0","0","200000","0","0","0","0","0"
"func@0x1401e1cc0","2200000","10000000","12000000","0","0","200000","0","0","0","0","0"
"func@0x140075de0","2200000","6000000","2000000","0","0","400000","0","0","0","0","0"
"func@0x14009567f","2200000","64000000","62000000","0","0","1600000","0","0","0","0","0"
"func@0x1c0001220","2200000","12000000","10000000","0","0","800000","200000","40000","40000","0","0"
"func@0x1c0006a70","2200000","8000000","4000000","0","0","600000","200000","40000","0","0","0"
"func@0x1c00090a0","2000000","8000000","8000000","0","0","0","0","0","0","0","0"
"func@0x1400072a0","2000000","28000000","14000000","40000","0","400000","400000","40000","200000","160000","80000"
"func@0x1400c4720","2000000","18000000","8000000","0","0","200000","200000","0","280000","80000","0"
"func@0x1400b41a0","2000000","4000000","2000000","0","0","800000","0","0","0","0","0"
"func@0x1400c41f0","1800000","6000000","4000000","0","0","200000","0","0","120000","0","0"
"KeInitializeEnumerationContext","1800000","6000000","2000000","0","0","1800000","0","0","0","0","0"
"func@0x140099fa0","1800000","14000000","4000000","0","0","400000","200000","40000","0","40000","0"
"func@0x1401bded0","1800000","18000000","10000000","0","0","800000","0","0","0","0","0"
"func@0x1c0004d70","1800000","692000000","594000000","0","0","400000","200000","40000","0","0","0"
"qsort","1800000","0","6000000","0","0","200000","0","0","0","0","0"
"func@0x14008c690","1800000","0","10000000","20000","0","400000","200000","0","120000","0","0"
"func@0x1400bbb60","1800000","28000000","8000000","40000","0","400000","0","0","40000","0","0"
"func@0x1402057e5","1800000","0","2000000","0","0","200000","0","0","0","0","0"
"func@0x1c000b450","1800000","8000000","14000000","100000","0","0","0","0","0","80000","0"
"func@0x14007c0f3","1600000","6000000","4000000","0","0","600000","0","40000","0","120000","0"
"func@0x140205422","1600000","2000000","2000000","0","0","600000","0","0","0","0","0"
"func@0x1401df660","1600000","26000000","22000000","0","0","400000","200000","40000","0","0","40000"
"func@0x1c000b3c0","1600000","0","2000000","0","0","600000","0","40000","0","0","40000"
"func@0x140323e60","1600000","6000000","6000000","0","0","0","0","0","0","0","0"
"func@0x1400d6d60","1600000","2000000","0","0","0","200000","200000","0","120000","40000","0"
"func@0x1c0001330","1600000","96000000","46000000","60000","0","400000","0","0","80000","0","0"
"func@0x140050973","1600000","8000000","6000000","40000","0","200000","0","0","0","0","0"
"func@0x14031a9d0","1600000","10000000","6000000","0","0","400000","0","0","0","0","0"
"func@0x140085ef0","1600000","20000000","20000000","0","0","3400000","0","0","0","0","0"
"func@0x140231a11","1600000","22000000","16000000","0","0","1000000","0","0","0","0","0"
"func@0x140050bb0","1600000","8000000","2000000","0","0","400000","0","0","0","0","0"
"func@0x14007ac60","1600000","2000000","2000000","0","0","200000","0","0","0","0","0"
"KeSubtractAffinityEx","1600000","6000000","4000000","0","0","400000","0","0","0","0","0"
"func@0x1c00082df","1600000","2000000","0","0","0","1000000","0","40000","40000","0","0"
"KeIsEmptyAffinityEx","1600000","18000000","8000000","0","0","400000","200000","0","120000","80000","0"
"func@0x14006ea50","1600000","2000000","0","0","0","200000","0","40000","0","40000","0"
"func@0x18000f350","1400000","0","2000000","0","0","400000","0","0","0","0","0"
"func@0x140099470","1400000","6000000","4000000","0","0","0","0","0","0","0","0"
"func@0x14031b0b0","1400000","4000000","8000000","0","0","800000","0","0","0","0","0"
"func@0x14017e600","1400000","2000000","4000000","20000","0","1000000","200000","0","0","0","0"
"func@0x14013f6f8","1400000","0","0","0","0","200000","0","0","0","0","0"
"KeEnumerateNextProcessor","1400000","8000000","10000000","0","0","600000","0","0","0","0","0"
"func@0x1c000c470","1400000","6000000","6000000","20000","0","400000","0","0","40000","80000","0"
"func@0x140214210","1400000","0","0","0","0","400000","0","0","0","0","0"
"func@0x140361110","1400000","16000000","16000000","0","0","200000","0","0","0","0","40000"
"func@0x14022c980","1400000","18000000","14000000","0","0","0","200000","40000","40000","0","0"
"func@0x1403b4f00","1400000","4000000","6000000","0","0","1000000","0","0","0","0","0"
"func@0x14037df00","1400000","14000000","6000000","0","0","0","0","0","0","0","0"
"func@0x140158128","1400000","2000000","0","0","0","600000","0","0","0","0","0"
"func@0x14000b9f0","1400000","6000000","8000000","0","0","200000","0","0","0","0","0"
"func@0x1400cf800","1400000","4000000","4000000","0","0","0","0","0","0","0","0"
"func@0x1c0008b30","1400000","40000000","30000000","20000","200000","200000","0","40000","120000","0","0"
"func@0x140098d30","1200000","6000000","6000000","0","0","200000","0","0","120000","0","40000"
"func@0x1400b3200","1200000","2000000","2000000","0","0","600000","0","0","40000","40000","0"
"func@0x1401f59d0","1200000","44000000","54000000","20000","0","0","0","0","0","0","0"
"func@0x140230492","1200000","0","2000000","0","0","0","0","0","0","0","0"
"func@0x1400259d4","1200000","2000000","2000000","0","0","0","0","40000","0","0","0"
"func@0x1400a3200","1200000","0","0","0","0","800000","200000","0","40000","0","0"
"func@0x140147990","1200000","20000000","8000000","0","200000","200000","0","0","40000","0","0"
"func@0x140230681","1200000","0","2000000","0","0","600000","0","0","0","0","0"
"func@0x140207960","1200000","2000000","2000000","0","0","200000","0","0","0","0","0"
"func@0x140147220","1200000","52000000","44000000","120000","0","200000","0","0","80000","0","80000"
"func@0x140032df0","1200000","2000000","18000000","0","0","400000","0","0","0","0","40000"
"func@0x1403de31e","1200000","4000000","2000000","0","0","200000","0","0","0","0","0"
"KePulseEvent","1200000","8000000","8000000","0","0","800000","0","0","80000","0","40000"
"KeInsertQueue","1200000","4000000","2000000","0","0","1000000","0","0","0","0","0"
"func@0x1400d6c44","1200000","2000000","0","0","0","0","0","40000","0","0","0"
"KeReleaseSpinLockFromDpcLevel","1200000","4000000","0","0","0","200000","0","80000","0","0","0"
"func@0x140231521","1200000","14000000","6000000","0","0","400000","0","0","0","0","0"
"func@0x14008c4c0","1000000","8000000","4000000","20000","0","200000","0","40000","0","40000","0"
"func@0x1400a3130","1000000","12000000","16000000","0","0","1200000","200000","40000","0","40000","0"
"func@0x1402147e0","1000000","6000000","2000000","0","0","0","0","0","0","0","0"
"EntropyProvideData","1000000","6000000","12000000","60000","0","0","0","0","80000","0","40000"
"func@0x1c000c340","1000000","12000000","8000000","0","0","0","0","0","0","0","0"
"func@0x14038af20","1000000","8000000","0","0","0","400000","0","0","0","0","0"
"func@0x1c00085b3","1000000","4000000","8000000","40000","0","400000","0","0","80000","0","80000"
"func@0x1400c1760","1000000","26000000","10000000","40000","0","400000","200000","0","40000","0","40000"
"func@0x1400b1140","1000000","16000000","6000000","0","0","200000","0","0","0","0","0"
"func@0x140033403","1000000","12000000","8000000","20000","0","0","0","40000","0","40000","40000"
"func@0x1401df4f0","1000000","8000000","10000000","0","0","200000","0","40000","80000","0","0"
"func@0x14015d840","1000000","0","0","0","0","200000","0","0","0","0","0"
"func@0x1403817d0","1000000","6000000","0","0","0","400000","0","0","0","0","0"
"func@0x1400e5b04","1000000","4000000","8000000","0","0","0","0","0","0","0","40000"
"func@0x1c001e880","1000000","20000000","22000000","0","0","200000","200000","0","0","0","40000"
"func@0x14000c5d0","1000000","2000000","8000000","0","0","0","0","40000","0","0","0"
"func@0x1401f3ed0","1000000","14000000","18000000","0","0","0","0","0","40000","0","0"
"func@0x1403220b0","1000000","0","4000000","0","0","600000","0","0","0","0","0"
"func@0x140213b90","1000000","4000000","2000000","0","0","600000","0","0","0","0","40000"
"func@0x1c00013c0","1000000","18000000","10000000","60000","0","400000","200000","0","40000","0","0"
"func@0x1400712a0","1000000","6000000","4000000","0","0","200000","0","40000","0","0","0"
"func@0x140099f40","1000000","4000000","2000000","0","0","600000","0","0","0","0","0"
"func@0x1402064f0","1000000","6000000","4000000","0","0","800000","0","0","0","0","0"
"func@0x1401258d0","1000000","10000000","6000000","20000","0","0","0","0","40000","0","0"
"func@0x1401183a0","1000000","2000000","2000000","0","0","0","0","0","0","40000","0"
"func@0x140099750","1000000","6000000","2000000","0","0","0","0","0","0","0","0"
"func@0x140224150","1000000","12000000","12000000","0","0","200000","0","0","40000","0","80000"
"func@0x1401795b0","1000000","2000000","2000000","0","0","400000","0","0","0","0","0"
"func@0x140012b80","1000000","4000000","4000000","0","0","200000","0","40000","0","80000","0"
"func@0x1c0008120","1000000","12000000","8000000","0","0","600000","0","0","0","0","0"
"func@0x1c00168d0","1000000","4000000","2000000","0","0","0","0","0","0","0","40000"
"func@0x140233780","1000000","0","0","0","0","200000","0","0","0","0","0"
"KeAcquireSpinLockAtDpcLevel","1000000","8000000","8000000","0","0","0","0","0","40000","0","0"
"func@0x1c000c900","1000000","58000000","46000000","20000","0","200000","0","0","40000","40000","40000"
"func@0x140309570","1000000","2000000","2000000","0","0","600000","0","0","0","0","0"
"func@0x1c0004d10","1000000","4000000","4000000","0","0","800000","0","0","0","0","0"
"func@0x140382390","1000000","2000000","2000000","0","0","600000","0","0","0","0","0"
"func@0x140320c00","1000000","12000000","8000000","0","0","200000","0","0","0","0","40000"
"func@0x14009d37c","1000000","2000000","6000000","20000","0","0","0","0","0","0","0"
"func@0x1402b04f0","800000","0","2000000","0","0","200000","0","0","0","0","0"
"func@0x14006dc40","800000","2000000","2000000","0","0","0","0","0","80000","40000","0"
"func@0x1c000ce20","800000","4000000","8000000","0","0","0","0","40000","0","0","0"
"RtlGetNextExpiredTimerWheelEntry","800000","0","0","0","0","400000","0","0","0","0","0"
"ExFreePoolWithTag","800000","4000000","2000000","0","0","200000","0","0","0","0","0"
"func@0x140128f60","800000","0","0","0","0","200000","200000","0","40000","0","0"
"PoFxCompleteIdleCondition","800000","4000000","2000000","0","0","400000","200000","0","40000","0","0"
"func@0x14022f0c0","800000","6000000","4000000","0","0","400000","0","0","0","80000","0"
"func@0x140001b88","800000","0","4000000","0","0","200000","0","0","0","0","0"
"func@0x140212c40","800000","10000000","4000000","0","0","600000","0","0","0","0","0"
"func@0x14038be00","800000","4000000","0","0","0","200000","0","0","0","0","0"
"func@0x140044336","800000","2000000","4000000","0","0","0","0","0","40000","0","0"
"func@0x1400d73b0","800000","12000000","4000000","0","0","200000","0","0","40000","0","0"
"func@0x1403de370","800000","0","0","0","0","0","0","0","0","0","0"
"func@0x1c000585c","800000","4000000","4000000","0","0","200000","0","0","0","0","0"
"func@0x140060e93","800000","8000000","0","0","0","200000","200000","0","0","0","40000"
"func@0x1400998d0","800000","2000000","6000000","0","0","600000","0","0","0","0","0"
"func@0x140296f20","800000","2000000","0","0","0","800000","0","0","0","0","0"
"func@0x1400d7140","800000","2000000","0","0","0","200000","0","0","0","0","0"
"func@0x1401be770","800000","8000000","14000000","0","0","600000","0","0","40000","0","0"
"func@0x14009a210","800000","0","0","0","0","0","0","0","0","0","0"
"func@0x1c0023480","800000","4000000","4000000","0","0","0","200000","0","0","0","0"
"func@0x140037ee0","800000","10000000","2000000","0","0","1200000","0","0","0","0","0"
"func@0x1400d5d80","800000","2000000","0","0","0","0","0","0","0","0","0"
"func@0x1402aa4b0","800000","4000000","6000000","0","0","800000","0","0","0","0","0"
"func@0x1401e1f90","800000","0","0","0","0","0","0","0","0","0","0"
"func@0x1400b5f50","800000","8000000","14000000","0","0","0","0","0","40000","0","0"
"func@0x14007ff30","800000","2000000","0","0","0","0","0","0","0","0","0"
"func@0x1c0001314","800000","0","0","0","0","200000","0","0","0","0","0"
"func@0x1400cf140","800000","14000000","12000000","0","0","600000","0","0","0","0","0"
"func@0x1c0005b4b","800000","2000000","4000000","0","0","200000","0","0","0","0","0"
"func@0x1c0011a70","800000","6000000","2000000","0","0","0","0","0","0","0","0"
"func@0x1c0004850","800000","10000000","12000000","20000","0","200000","0","0","0","0","40000"
"func@0x14008ccf0","800000","14000000","12000000","20000","0","400000","0","0","40000","0","0"
"func@0x140214c60","800000","6000000","4000000","0","0","0","0","0","40000","0","0"
"func@0x140325590","800000","0","2000000","0","0","600000","0","0","0","0","0"
"KeComplementAffinityEx","800000","2000000","0","0","0","0","0","0","0","0","0"
"func@0x1402275a0","800000","8000000","4000000","0","0","200000","0","0","0","0","0"
"func@0x1c0011888","800000","2000000","0","0","0","0","0","0","0","0","0"
"func@0x1400c24b0","800000","0","0","0","0","0","0","0","0","0","0"
"func@0x1c000b5b0","600000","4000000","2000000","0","0","0","0","0","80000","40000","0"
"func@0x140321596","600000","2000000","2000000","0","0","200000","0","0","0","0","0"
"func@0x1403601f0","600000","0","2000000","0","0","0","0","80000","0","0","0"
"func@0x140098ab0","600000","6000000","2000000","0","0","0","0","0","0","0","0"
"func@0x140214820","600000","0","0","0","0","0","0","0","0","0","0"
"func@0x140125670","600000","0","0","0","0","200000","0","0","0","0","0"
"func@0x1402b22c0","600000","0","2000000","0","0","200000","0","0","0","0","0"
"func@0x140207fe0","600000","4000000","6000000","0","0","200000","0","0","0","0","0"
"func@0x1c0024954","600000","0","4000000","0","0","400000","0","80000","0","0","0"
"func@0x140082f60","600000","6000000","0","0","0","0","0","0","0","0","0"
"func@0x140325bf0","600000","0","4000000","0","0","200000","0","0","0","0","0"
"func@0x1c0003cfe","600000","0","2000000","0","0","0","0","0","80000","0","0"
"func@0x140061540","600000","8000000","6000000","0","0","0","0","0","0","40000","0"
"func@0x1c0005f30","600000","2000000","0","0","0","600000","0","0","0","0","0"
"func@0x1403b4c80","600000","0","0","0","0","400000","0","0","0","0","0"
"func@0x140076d20","600000","0","0","0","0","0","0","0","0","0","0"
"func@0x1c0004b50","600000","2000000","2000000","0","0","0","0","0","0","0","0"
"func@0x14022c9a0","600000","0","0","0","0","0","0","0","0","0","0"
"func@0x14030c380","600000","0","4000000","0","0","0","0","0","0","0","0"
"func@0x14006f580","600000","0","2000000","0","0","0","0","0","0","0","0"
"func@0x1400a1060","600000","0","0","0","0","0","0","0","0","0","0"
"func@0x14017cca0","600000","6000000","4000000","60000","0","400000","200000","40000","120000","0","0"
"func@0x14003b050","600000","4000000","4000000","0","0","0","0","0","0","0","80000"
"func@0x1c002a510","600000","2000000","2000000","0","0","0","0","0","0","0","0"
"func@0x1401d4180","600000","12000000","6000000","0","0","200000","0","40000","40000","0","0"
"func@0x1c000cd70","600000","6000000","2000000","0","0","0","0","0","0","0","0"
"func@0x14000b6f4","600000","4000000","4000000","0","0","200000","0","0","0","0","0"
"func@0x1400c1010","600000","0","0","0","0","0","0","0","40000","0","0"
"func@0x140139d14","600000","0","0","0","0","0","0","0","0","0","0"
"func@0x140025d68","600000","0","2000000","0","0","0","0","0","0","0","0"
"func@0x1401477f0","600000","10000000","6000000","40000","0","200000","0","0","0","40000","40000"
"func@0x1400c64c0","600000","6000000","6000000","20000","0","0","0","0","40000","0","0"
"ExAcquireSpinLockExclusive","600000","2000000","2000000","0","0","200000","0","0","0","0","0"
"func@0x140042349","600000","2000000","0","0","0","200000","0","0","40000","0","0"
"func@0x1401f80f0","600000","22000000","18000000","0","0","200000","0","0","0","40000","0"
"func@0x1c001eecc","600000","20000000","6000000","20000","0","0","0","0","80000","0","0"
"func@0x1c005f5c0","600000","0","0","0","0","0","0","0","0","0","0"
"func@0x140098540","600000","0","0","0","0","200000","0","0","0","0","0"
"func@0x1400ba2d0","600000","4000000","0","0","0","600000","0","0","0","0","0"
"func@0x140095440","600000","6000000","2000000","0","0","0","0","0","0","40000","40000"
"func@0x1400d76bc","600000","4000000","2000000","0","0","0","0","0","0","0","0"
"KeInsertQueueDpc","600000","8000000","4000000","0","0","200000","200000","0","0","0","0"
"func@0x140158178","600000","0","0","0","0","200000","0","0","0","0","0"
"func@0x1c0003170","600000","0","0","0","0","200000","0","0","0","0","0"
"func@0x1c0037e00","600000","8000000","6000000","0","0","0","0","0","0","0","0"
"func@0x1c0008d20","600000","6000000","2000000","0","200000","0","0","0","0","0","0"
"KeWaitForMutexObject","600000","2000000","8000000","0","0","0","0","0","0","0","0"
"func@0x14009aed0","600000","6000000","6000000","0","0","0","0","0","0","0","40000"
"func@0x140026168","600000","2000000","2000000","0","0","200000","0","0","40000","0","0"
"func@0x1400b3580","600000","6000000","0","40000","0","0","0","0","0","0","0"
"func@0x14009e2fc","600000","0","2000000","0","0","200000","0","0","0","0","0"
"func@0x14008a890","600000","0","0","0","0","0","0","0","0","0","0"
"ExAcquireSpinLockShared","600000","0","0","0","0","0","0","0","0","0","0"
"func@0x1401e0b06","600000","0","0","0","0","0","0","0","0","0","0"
"func@0x14004bd30","600000","0","0","0","0","0","0","0","0","0","0"
"ExAllocatePoolWithTag","600000","0","2000000","0","0","0","0","0","0","0","0"
"InterlockedPushListSList","600000","0","4000000","0","0","0","0","0","0","0","0"
"RtlIsTimerWheelSuspended","600000","2000000","2000000","0","0","0","0","0","0","0","0"
"func@0x1400769c0","400000","0","4000000","0","0","0","0","0","0","0","0"
"WdLogNewEntry5_WdPresentTokenEvent","400000","2000000","0","0","0","0","0","0","0","0","0"
"func@0x140201120","400000","8000000","0","0","0","0","0","40000","0","0","0"
"func@0x1400d2490","400000","0","4000000","0","0","400000","0","0","40000","40000","0"
"func@0x1400d6cd0","400000","6000000","4000000","0","0","200000","0","0","40000","0","0"
"DpSynchronizeExecution","400000","2000000","2000000","20000","0","0","0","0","0","0","0"
"func@0x1401f8120","400000","0","0","0","0","400000","0","0","0","0","0"
"func@0x1c001fa94","400000","4000000","2000000","0","0","200000","0","0","0","40000","0"
"ExAcquireSpinLockExclusiveAtDpcLevel","400000","2000000","6000000","0","0","0","0","0","0","0","0"
"func@0x140125800","400000","6000000","4000000","20000","0","200000","0","0","0","40000","0"
"func@0x14025ccd0","400000","10000000","8000000","0","0","0","0","0","0","0","0"
"func@0x1c0014830","400000","2000000","6000000","0","0","0","0","0","0","0","0"
"func@0x140025eb4","400000","2000000","0","0","0","0","0","0","0","0","40000"
"func@0x1401f3c80","400000","20000000","18000000","0","0","0","0","0","0","0","0"
"func@0x140096d60","400000","0","0","0","0","200000","0","40000","0","0","0"
"func@0x140257ac0","400000","18000000","8000000","0","0","0","0","0","40000","0","40000"
"func@0x1400a3be0","400000","8000000","8000000","0","0","0","0","0","0","0","0"
"func@0x1c0022b28","400000","8000000","2000000","0","0","0","0","0","0","0","0"
"func@0x1c001fa24","400000","4000000","2000000","0","0","0","0","40000","80000","0","0"
"func@0x1400acd10","400000","2000000","2000000","0","0","400000","0","0","0","0","0"
"func@0x14001f950","400000","6000000","2000000","0","0","400000","0","0","0","0","40000"
"func@0x14030c9b0","400000","0","0","0","0","0","0","0","0","0","0"
"func@0x1c0016950","400000","2000000","0","20000","0","0","0","0","40000","0","80000"
"func@0x140001000","400000","0","0","0","0","0","0","0","0","0","0"
"func@0x140148ca0","400000","4000000","0","0","0","0","0","0","0","0","0"
"func@0x140096be0","400000","0","2000000","0","0","0","0","0","0","0","0"
"IoGetActivityIdIrp","400000","0","0","0","0","0","0","0","0","0","0"
"RtlEnterCriticalSection","400000","0","0","0","0","0","0","0","0","0","0"
"func@0x140388810","400000","0","0","0","0","0","0","0","0","0","0"
"MmUnlockPages","400000","0","0","0","0","0","0","0","0","0","0"
"func@0x1400441c0","400000","0","2000000","0","0","200000","0","0","0","0","0"
"func@0x1c00014f0","400000","60000000","32000000","0","0","200000","0","0","80000","40000","0"
"func@0x140179890","400000","0","0","0","0","0","0","0","0","0","0"
"_chkstk","400000","10000000","2000000","0","0","0","0","0","0","0","0"
"func@0x140045b00","400000","0","2000000","0","0","0","0","0","0","0","0"
"func@0x1400cf260","400000","0","0","0","0","200000","0","40000","0","0","0"
"func@0x14037fd70","400000","4000000","0","0","0","0","0","0","0","0","0"
"func@0x1c001725e","400000","0","2000000","0","0","200000","0","0","0","0","0"
"func@0x14004a7a0","400000","0","0","0","0","0","0","0","0","0","0"
"func@0x1c005f080","400000","2000000","0","0","0","0","0","0","0","0","0"
"func@0x1c0005d45","400000","2000000","0","0","0","0","0","0","0","0","0"
"func@0x1400d2f54","400000","0","0","0","0","200000","0","0","0","40000","0"
"func@0x1402582c0","400000","2000000","12000000","0","0","200000","0","0","0","0","0"
"func@0x140098470","400000","2000000","4000000","0","0","0","0","0","0","0","0"
"func@0x140045d50","400000","4000000","0","0","0","400000","0","40000","0","0","0"
"func@0x1c000bba0","400000","0","0","0","0","0","0","0","0","0","0"
"func@0x1c0097a20","400000","2000000","0","0","0","0","0","0","0","0","0"
"func@0x1400622a0","400000","0","0","0","0","200000","0","0","0","40000","0"
"func@0x1c00246e0","400000","0","4000000","20000","0","200000","0","0","0","0","0"
"func@0x14037c3e0","400000","2000000","4000000","0","0","0","0","0","0","0","0"
"func@0x1402b08f0","400000","0","4000000","0","0","200000","0","0","0","0","0"
"func@0x14009c3a0","400000","10000000","2000000","0","0","0","0","0","0","0","0"
"func@0x140230460","400000","4000000","0","0","200000","0","0","0","0","0","0"
"func@0x1401f7aa0","400000","6000000","6000000","0","0","0","0","0","0","0","0"
"ExpInterlockedFlushSList","400000","4000000","2000000","0","0","0","0","40000","0","0","0"
"func@0x140326d60","400000","0","2000000","0","0","600000","0","0","0","0","0"
"func@0x14004b640","400000","2000000","0","0","0","0","0","0","0","0","0"
"func@0x140207870","400000","22000000","26000000","20000","200000","200000","0","40000","120000","80000","0"
"func@0x14038c460","400000","10000000","8000000","0","0","0","0","0","0","0","0"
"func@0x140230660","400000","0","2000000","0","0","400000","0","0","0","0","0"
"func@0x14037b550","400000","2000000","4000000","0","0","0","0","0","0","0","0"
"func@0x140125ea0","400000","0","2000000","40000","0","0","0","0","0","0","0"
"func@0x14004b6a0","400000","0","0","0","0","0","0","0","0","0","0"
"func@0x1400420b0","400000","2000000","0","0","0","0","0","0","0","0","0"
"func@0x1400282d4","400000","0","0","0","0","0","0","0","0","0","0"
"NdisAllocateNetBufferAndNetBufferList","400000","0","0","0","0","0","0","0","0","0","0"
"func@0x1400685f0","400000","0","0","0","0","0","0","0","0","0","0"
"func@0x1c000ac40","400000","0","0","0","0","0","0","0","0","0","0"
"func@0x140215070","400000","2000000","2000000","0","0","200000","0","0","0","0","0"
"func@0x1403889d0","400000","0","0","0","0","0","0","0","40000","0","0"
"func@0x140035d10","400000","4000000","6000000","0","0","0","0","0","0","0","40000"
"func@0x1402b2220","400000","8000000","4000000","0","0","0","0","0","0","0","0"
"PsGetCurrentProcessId","400000","0","0","0","0","0","0","0","0","0","0"
"func@0x14038c8a0","400000","0","0","0","0","200000","0","0","0","0","0"
"func@0x14030c1cf","400000","0","0","0","0","0","0","0","0","0","0"
"func@0x140381be0","400000","0","4000000","0","0","0","0","0","0","0","0"
"func@0x14003b140","200000","0","0","0","0","200000","0","0","0","0","0"
"RtlRbRemoveNode","200000","2000000","0","0","0","0","0","0","0","0","0"
"func@0x1400d4300","200000","0","0","0","0","0","0","0","0","0","0"
"func@0x14010f484","200000","0","0","0","0","0","0","0","0","0","0"
"func@0x140506080","200000","0","0","0","0","0","0","0","0","0","0"
"func@0x1404f7030","200000","0","0","0","0","0","0","0","0","0","0"
"func@0x14007d470","200000","2000000","0","0","0","200000","0","0","0","0","0"
"func@0x1404fffd0","200000","0","0","0","0","0","0","0","0","0","0"
"ExReleasePushLockEx","200000","0","0","0","0","200000","0","0","0","0","0"
"func@0x140507670","200000","0","0","0","0","0","0","0","0","0","0"
"func@0x14004116c","200000","2000000","0","0","0","200000","0","0","0","0","0"
"func@0x14004abe0","200000","0","0","0","0","0","0","0","0","0","0"
"func@0x1400d2120","200000","4000000","4000000","0","0","200000","0","0","0","0","0"
"func@0x14019104c","200000","0","2000000","0","0","200000","0","0","40000","0","0"
"func@0x14007d870","200000","0","0","0","0","0","0","0","0","40000","0"
"func@0x1401d4b10","200000","2000000","4000000","0","0","0","0","0","0","0","0"
"func@0x140209228","200000","2000000","2000000","0","0","0","0","0","0","0","40000"
"func@0x1400984f0","200000","0","2000000","0","0","200000","0","0","0","0","0"
"func@0x14009ba90","200000","0","6000000","0","0","200000","0","0","0","0","0"
"func@0x140071db7","200000","8000000","4000000","0","0","200000","0","0","0","0","0"
"func@0x140107250","200000","4000000","8000000","0","0","0","0","0","0","0","0"
"KeSetTimer","200000","6000000","2000000","0","0","0","0","0","0","0","0"
"func@0x1401b024d","200000","10000000","0","0","0","0","0","0","0","0","0"
"PoFxIdleComponent","200000","0","0","0","0","200000","0","0","40000","0","0"
"vsnprintf","200000","0","0","0","0","0","0","0","0","0","0"
"func@0x1402ae690","200000","2000000","2000000","20000","0","0","0","0","0","0","0"
"func@0x140025b6c","200000","0","2000000","0","0","0","0","0","0","0","40000"
"func@0x1405090e0","200000","0","0","0","0","0","0","0","0","0","0"
"func@0x14019c015","200000","0","0","0","0","0","0","0","0","0","0"
"func@0x140098a90","200000","0","0","0","0","0","0","0","0","0","0"
"func@0x1400280e8","200000","4000000","2000000","0","0","0","0","0","40000","0","0"
"func@0x1400257d8","200000","2000000","4000000","0","0","0","0","0","0","0","0"
"RtlPrefixUnicodeString","200000","0","0","0","0","0","0","0","0","0","0"
"func@0x1400d4940","200000","0","0","0","0","0","0","0","0","0","0"
"func@0x1400bd510","200000","6000000","0","20000","0","0","0","0","0","0","0"
"func@0x1400b42d4","200000","2000000","0","0","0","0","0","0","0","0","0"
"FsRtlNumberOfRunsInBaseMcb","200000","0","0","0","0","0","0","0","0","0","0"
"ExReleaseSpinLockSharedFromDpcLevel","200000","0","2000000","0","0","0","0","0","0","0","0"
"func@0x140043a20","200000","2000000","0","0","0","0","0","0","0","0","0"
"func@0x14003be20","200000","0","0","0","0","0","0","0","0","0","0"
"func@0x140025c04","200000","0","0","0","0","0","0","0","0","0","0"
"func@0x1400b4050","200000","2000000","4000000","0","0","0","0","0","0","0","0"
"KeQueryDpcWatchdogInformation","200000","0","0","0","0","200000","0","0","0","0","0"
"func@0x1400490a0","200000","0","0","0","0","0","0","0","0","0","0"
"func@0x140094a30","200000","0","0","0","0","0","0","0","0","0","0"
"func@0x14009a1f0","200000","0","0","0","0","400000","0","0","0","0","0"
"func@0x1400cabf0","200000","0","0","0","0","0","0","0","0","0","0"
"RtlTimeToTimeFields","200000","0","0","0","0","0","0","0","0","0","0"
"WmiTraceMessage","200000","0","0","0","0","0","0","0","0","0","0"
"func@0x14003fa70","200000","2000000","2000000","0","0","0","0","0","0","0","0"
"func@0x1400d2bd0","200000","0","2000000","0","0","0","0","0","0","0","0"
"ExAcquirePushLockSharedEx","200000","0","0","0","0","0","0","0","0","0","0"
"func@0x1404eb300","200000","0","0","0","0","0","0","0","0","0","0"
"KeExpandKernelStackAndCalloutEx","200000","0","0","0","0","200000","0","0","0","0","0"
"ExReleaseRundownProtectionCacheAwareEx","200000","0","2000000","0","0","0","0","0","0","0","0"
"func@0x140028274","200000","0","0","0","0","0","0","0","0","0","0"
"func@0x1400b34e0","200000","0","0","0","0","0","0","0","0","0","0"
"func@0x140035e00","200000","0","0","0","0","0","0","0","0","0","0"
"func@0x140061710","200000","0","0","0","0","0","0","0","0","0","0"
"func@0x1400baf10","200000","0","0","0","0","200000","0","0","0","0","0"
"func@0x140099a90","200000","0","4000000","0","0","0","0","0","0","0","0"
"KeGetCurrentProcessorNumberEx","200000","0","0","0","0","0","0","0","0","0","0"
"func@0x14009e2c8","200000","0","2000000","0","0","0","0","0","0","0","0"
"KeAddProcessorAffinityEx","200000","0","0","0","0","0","0","0","0","0","0"
"KeFlushIoBuffers","200000","0","0","0","0","0","0","0","0","0","0"
"ExQueryDepthSList","200000","0","0","0","0","0","0","0","0","0","0"
"func@0x1402108d4","200000","0","0","0","0","0","0","0","0","0","0"
"func@0x1403750e0","200000","0","0","0","0","0","0","0","0","0","0"
"ExInterlockedRemoveHeadList","200000","6000000","0","0","0","0","0","0","0","0","0"
"func@0x1404f0120","200000","0","0","0","0","400000","0","0","0","0","0"
"func@0x14009ba30","200000","0","2000000","0","0","200000","0","0","0","0","0"
"RtlCopyUnicodeString","200000","0","0","0","0","0","0","0","0","0","0"
"FsRtlLookupReservedPerStreamContext","200000","0","0","0","0","0","0","0","0","0","0"
"func@0x140049210","200000","0","0","0","0","0","0","0","0","0","0"
"func@0x140484100","200000","0","0","0","0","0","0","0","0","0","0"
"func@0x140076fd0","200000","0","0","0","0","0","0","0","0","0","0"
"func@0x1404471c4","200000","0","0","0","0","0","0","0","0","0","0"
"PsGetCurrentThreadId","200000","0","0","0","0","200000","0","0","0","0","0"
"func@0x1405506b0","200000","0","0","0","0","0","0","0","0","0","0"
"func@0x14007bdb0","200000","0","0","0","0","200000","0","0","0","0","0"
"func@0x14007c090","200000","0","0","0","0","0","0","0","0","0","0"
"func@0x140079ab3","200000","0","0","0","0","0","0","0","0","0","0"
"func@0x1402b51d0","200000","2000000","2000000","0","0","0","0","0","0","0","0"
"func@0x1400b2020","200000","0","0","0","0","0","0","0","0","0","0"
"KeCopyAffinityEx","200000","0","4000000","0","0","0","0","0","0","0","0"
"func@0x140214550","200000","0","0","0","0","0","0","0","40000","0","0"
"func@0x14027efb0","200000","4000000","4000000","0","0","0","0","0","0","0","0"
"FsRtlAcquireEofLock","200000","0","0","0","0","0","0","0","0","0","0"
"func@0x1403821a0","200000","2000000","0","0","0","200000","0","0","0","0","0"
"func@0x140069b00","200000","4000000","2000000","0","0","0","0","0","0","0","0"
"func@0x1c0002810","200000","2000000","0","0","0","0","0","0","0","0","0"
"func@0x14013d70c","200000","2000000","4000000","0","0","0","0","0","0","0","0"
"func@0x1c006df00","200000","0","0","0","0","0","0","0","0","0","0"
"func@0x1403095b0","200000","0","0","0","0","0","0","0","0","0","0"
"func@0x140297040","200000","0","0","0","0","0","0","0","0","0","0"
"func@0x140118398","200000","46000000","38000000","0","0","0","0","0","0","0","0"
"WdLogEvent5_WdEvent","200000","2000000","0","0","0","0","0","0","0","0","0"
"func@0x1c0050328","200000","0","0","0","0","0","0","0","0","0","0"
"WdLogEvent5_WdPresentTokenEvent","200000","0","0","0","0","0","0","0","40000","0","0"
"func@0x140130528","200000","0","0","0","0","0","0","0","0","0","0"
"func@0x140130b02","200000","2000000","0","0","0","0","0","0","0","0","0"
"func@0x1c0071cd0","200000","0","2000000","0","0","0","0","0","0","0","0"
"func@0x1401f5cf0","200000","0","0","0","0","0","0","0","0","0","0"
"func@0x1c004c6f4","200000","118000000","76000000","0","0","0","0","0","0","0","0"
"func@0x1403afaf0","200000","0","0","0","0","0","0","0","0","0","0"
"func@0x140388a60","200000","2000000","2000000","0","0","0","0","0","0","0","0"
"func@0x18001dbb3","200000","0","0","0","0","200000","0","0","0","0","0"
"func@0x14038c310","200000","0","4000000","0","0","0","0","0","0","0","0"
"func@0x14025d180","200000","12000000","10000000","0","0","400000","0","0","0","0","0"
"func@0x1c0015620","200000","0","0","20000","0","400000","0","0","40000","0","0"
"RtlAppendUnicodeToString","200000","0","0","0","0","0","0","0","0","0","0"
"func@0x140324bb0","200000","2000000","0","0","0","0","0","0","0","0","0"
"func@0x140125c70","200000","0","0","0","0","0","0","0","0","0","0"
"func@0x140319400","200000","2000000","0","0","0","0","0","0","0","0","0"
"func@0x1c005f680","200000","0","0","0","0","0","0","0","0","0","0"
"func@0x1401f2df0","200000","18000000","22000000","0","0","200000","0","0","0","0","0"
"func@0x1c005d498","200000","0","0","0","0","0","0","0","0","0","0"
"func@0x1690c","200000","0","2000000","0","0","0","0","0","0","0","0"
"func@0x14019c220","200000","4000000","2000000","0","0","0","0","0","0","0","0"
"func@0x140059730","200000","2000000","0","0","0","0","0","0","0","0","0"
"func@0x1c0008070","200000","0","0","0","0","0","0","0","0","0","0"
"func@0x1402960d0","200000","6000000","4000000","0","0","200000","0","0","0","0","0"
"func@0x14019c370","200000","6000000","0","0","0","0","0","0","0","0","0"
"[Outside any known module]","200000","0","0","0","0","0","0","0","0","0","0"
"func@0x14030c8b0","200000","2000000","4000000","0","0","0","0","0","0","0","0"
"func@0x1c0019009","200000","4000000","0","0","0","200000","0","0","0","0","0"
"func@0x1c00d29b0","200000","2000000","0","0","0","0","0","0","0","0","0"
"func@0x1c0001240","200000","0","0","0","0","0","0","0","0","0","0"
"func@0x1401e0ae0","200000","6000000","2000000","0","0","0","0","0","0","0","0"
"func@0x1403797a0","200000","0","0","0","0","200000","0","0","0","0","0"
"func@0x1401e1b00","200000","0","0","0","0","0","0","0","0","0","40000"
"func@0x1c00c1e60","200000","0","0","0","0","0","0","0","0","0","0"
"func@0x140125b00","200000","0","0","0","0","0","0","0","0","0","0"
"func@0x140295e30","200000","4000000","4000000","0","0","0","0","0","0","0","0"
"func@0x140296710","200000","6000000","4000000","0","0","0","0","0","0","0","0"
"func@0x1c00160f0","200000","0","0","0","0","200000","0","0","0","0","0"
"func@0x1c00c2920","200000","0","0","0","0","0","0","0","0","0","0"
"func@0x140214530","200000","0","2000000","0","0","0","200000","0","40000","0","40000"
"func@0x140050920","200000","28000000","14000000","40000","0","0","0","0","40000","0","0"
"func@0x140324d60","200000","2000000","4000000","0","0","400000","0","0","0","0","0"
"func@0x1800017d4","200000","0","0","0","0","0","0","0","0","0","0"
"func@0x1402345f0","200000","10000000","2000000","0","0","0","0","0","0","0","0"
"func@0x1c0024db4","200000","6000000","4000000","20000","0","0","0","0","0","0","0"
"[OpenMP fork]","200000","0","4000000","0","0","0","0","0","0","0","0"
"func@0x1c0016d30","200000","158000000","156000000","0","0","0","0","0","0","0","0"
"func@0x14005ddf0","200000","8000000","2000000","0","0","0","0","0","0","0","0"
"func@0x14007bce0","200000","4000000","6000000","0","0","200000","0","0","0","0","0"
"func@0x1c00208b4","200000","0","0","0","0","0","0","0","0","0","0"
"func@0x140067a70","200000","6000000","2000000","0","0","0","0","0","0","0","0"
"func@0x1403b4c60","200000","2000000","0","0","0","0","0","0","0","0","0"
"func@0x1c00084b3","200000","2000000","2000000","0","0","200000","0","0","0","0","0"
"WppAutoLogTrace","200000","0","0","0","0","0","0","0","0","0","0"
"func@0x180005c70","200000","0","0","0","0","200000","0","0","0","0","0"
"func@0x140204760","200000","0","6000000","0","0","0","0","0","0","0","0"
"func@0x1c0004ced","200000","4000000","6000000","0","0","0","0","0","0","0","0"
"func@0x1c000c710","200000","10000000","10000000","60000","0","200000","200000","0","160000","0","0"
"func@0x1c002560c","200000","2000000","0","0","0","200000","0","0","0","0","0"
"func@0x14030c980","200000","0","0","0","0","0","0","0","0","0","0"
"func@0x1c001b17f","200000","6000000","2000000","0","0","0","0","0","0","0","0"
"func@0x14035f870","200000","2000000","0","0","0","200000","0","0","0","0","0"
"func@0x140381ca0","200000","0","4000000","0","0","400000","0","0","0","0","0"
"func@0x1800201dc","200000","0","0","0","0","0","0","0","0","0","0"
"func@0x140296b30","200000","10000000","12000000","0","0","0","0","0","120000","0","0"
"func@0x1c000bf70","200000","56000000","32000000","80000","0","0","200000","0","40000","0","0"
"func@0x1400b08d0","200000","0","0","0","0","0","0","80000","0","0","0"
"func@0x1403887b0","200000","2000000","2000000","0","0","0","0","0","0","0","0"
"func@0x1c0046378","200000","0","0","0","0","0","0","0","0","0","0"
"func@0x180020013","200000","0","0","0","0","0","0","0","0","0","0"
"func@0x1c00046c4","200000","0","2000000","0","0","0","0","0","0","0","0"
"func@0x1c0015e20","200000","0","0","0","0","0","0","0","0","0","0"
"func@0x1c0005730","200000","0","0","0","0","200000","0","0","0","0","0"
"func@0x1c0019e60","200000","0","0","0","0","200000","0","0","0","0","0"
"func@0x180002ea0","200000","0","0","0","0","0","0","0","0","0","0"
"func@0x11013b9a7","200000","0","0","0","0","0","0","0","0","0","0"
"func@0x14000ce24","200000","0","0","0","0","0","0","0","0","0","0"
"fputc_nolock","200000","0","0","0","0","0","0","0","0","0","0"
"strcpy_s","200000","0","0","0","0","0","0","0","0","0","0"
"func@0x94ee8","200000","0","0","0","0","0","0","0","0","0","0"
"func@0x1c0079bc0","200000","0","0","0","0","0","0","0","0","0","0"
"func@0x140059178","200000","0","0","0","0","0","0","0","0","0","0"
"func@0x1c000a1c0","200000","0","0","0","0","0","0","0","0","0","0"
"NdisFreeNetBufferList","200000","0","0","0","0","0","0","0","0","0","0"
"func@0x1c001f444","200000","0","2000000","0","0","0","0","0","0","0","0"
"func@0x1c000afa0","200000","0","0","0","0","0","0","0","0","0","0"
"func@0x180058590","200000","0","0","0","0","0","0","0","0","0","0"
"func@0x14015c470","200000","0","0","0","0","0","0","0","0","0","0"
"KfdClassify","200000","0","2000000","0","0","0","0","0","0","0","0"
"func@0x1400706b0","200000","2000000","6000000","0","0","200000","0","0","0","0","0"
"func@0x1c0019925","200000","2000000","2000000","0","0","0","0","0","0","0","0"
"func@0x1c000e070","200000","0","0","0","0","0","0","0","0","0","0"
"func@0x1c0017760","200000","0","0","0","0","200000","0","0","0","0","0"
"func@0x1c0061180","200000","0","0","0","0","0","0","0","0","0","0"
"func@0x1400b74f0","200000","4000000","0","0","0","0","0","0","0","0","0"
"func@0x1400a3580","200000","14000000","6000000","0","0","200000","200000","0","0","80000","0"
"RtlGetNextExpirationTimerWheelTick","200000","0","0","20000","0","200000","0","0","0","0","0"
"func@0x1800288e0","200000","0","0","0","0","0","0","0","0","0","0"
"func@0x1c000f1f0","200000","0","0","0","0","0","0","0","0","0","0"
"func@0x1c0025140","200000","0","0","0","0","0","0","0","0","0","0"
"func@0x140055fb0","200000","0","0","0","0","0","0","0","0","0","0"
"func@0x1c0001420","200000","6000000","0","0","0","200000","0","40000","0","0","0"
"func@0x140043be0","200000","4000000","2000000","0","0","200000","0","0","0","0","0"
"func@0x1c0023280","200000","2000000","2000000","0","0","0","0","0","40000","0","40000"
"func@0x1401be6a0","200000","4000000","0","0","0","600000","0","0","0","0","0"
"func@0x140079fd8","200000","0","0","0","0","0","0","0","0","0","0"
"func@0x1c0015cb0","200000","2000000","0","0","0","0","0","0","40000","0","0"
"func@0x140138d94","200000","0","0","0","0","0","0","0","0","0","0"
"func@0x1c001e843","200000","2000000","0","0","0","0","0","0","0","0","0"
"DpiGetSchedulerCallbackState","200000","8000000","6000000","0","0","0","0","40000","80000","80000","0"
"func@0x1c004c664","200000","0","0","0","0","0","0","0","0","0","0"
"func@0x18003fa9c","200000","0","0","0","0","0","0","0","0","0","0"
"func@0x1c004fee0","200000","0","0","0","0","0","0","0","0","0","0"
"func@0x140022390","200000","0","0","0","0","200000","0","0","0","0","0"
"RtlCompareUnicodeStrings","200000","0","0","0","0","0","0","0","0","0","0"
"func@0x1c004bb08","200000","0","0","0","0","0","0","0","0","0","0"
"func@0x140059210","200000","0","0","0","0","0","0","0","0","0","0"
"func@0x140151610","200000","0","0","0","0","0","0","0","0","0","0"
"func@0x1400a2980","200000","18000000","6000000","0","0","0","0","0","40000","0","40000"
"func@0x1c0005e6c","200000","0","0","0","0","0","0","0","0","0","0"
"func@0x1c0013dbc","200000","0","0","0","0","0","0","0","0","0","0"
"func@0x140001e1c","200000","0","0","0","0","0","0","0","0","0","40000"
"func@0x1403e6240","0","0","2000000","0","0","0","0","0","0","0","0"
"func@0x1402a8380","0","8000000","4000000","0","0","0","0","0","0","0","0"
"func@0x1402275d0","0","0","0","0","0","0","0","0","40000","0","0"
"func@0x1400749d0","0","0","0","0","0","200000","0","0","0","0","0"
"func@0x140126320","0","0","4000000","0","0","0","0","0","0","0","0"
"func@0x140126310","0","4000000","4000000","0","0","0","0","0","0","0","0"
"func@0x140125bb0","0","2000000","4000000","0","0","200000","0","0","0","0","0"
"func@0x1401f7950","0","2000000","0","0","0","0","0","0","0","0","0"
"func@0x1400a0ba0","0","2000000","2000000","0","0","0","0","0","0","0","0"
"func@0x140126440","0","2000000","0","0","0","0","0","0","40000","0","0"
"func@0x140297210","0","2000000","0","0","0","200000","0","0","0","0","0"
"func@0x140049080","0","0","2000000","0","0","0","0","0","0","0","0"
"func@0x1402b2470","0","4000000","4000000","0","0","0","0","0","0","0","40000"
"func@0x14038b460","0","0","2000000","0","0","200000","0","0","0","0","0"
"func@0x140296400","0","2000000","2000000","0","0","0","0","0","0","0","0"
"func@0x14027ef80","0","0","6000000","0","0","0","0","0","0","0","0"
"func@0x140381a00","0","2000000","2000000","0","0","200000","0","0","0","0","0"
"func@0x1400f62c0","0","2000000","4000000","0","0","0","0","0","0","40000","0"
"func@0x1402053a0","0","2000000","6000000","0","0","0","0","0","0","0","0"
"func@0x1400cdc80","0","2000000","0","0","0","0","0","0","0","0","0"
"func@0x1400621a0","0","2000000","12000000","0","0","0","200000","0","0","0","0"
"func@0x1c0018060","0","2000000","2000000","0","0","0","0","0","0","40000","0"
"func@0x1401b4b50","0","4000000","2000000","0","0","0","0","0","0","0","0"
"func@0x1c002be80","0","6000000","4000000","0","0","0","0","0","0","0","40000"
"func@0x14030c950","0","2000000","0","0","0","0","0","0","0","0","0"
"func@0x1c0024e6c","0","2000000","2000000","20000","0","200000","0","0","0","0","0"
"func@0x1c0027c48","0","2000000","2000000","0","0","0","0","0","0","0","0"
"func@0x14030c550","0","0","2000000","0","0","0","0","0","0","0","0"
"func@0x140147f60","0","0","4000000","0","0","0","0","0","0","0","0"
"func@0x1404efb06","0","0","0","0","0","200000","0","0","0","0","0"
"func@0x1402956f0","0","4000000","2000000","0","0","0","0","0","0","0","0"
"func@0x1c001d3e5","0","2000000","0","0","0","0","0","0","0","0","0"
"func@0x140051660","0","2000000","0","0","0","0","0","0","0","0","0"
"func@0x1401db520","0","10000000","6000000","0","200000","0","0","40000","0","0","0"
"func@0x1c0024c00","0","6000000","6000000","0","0","0","0","0","0","0","0"
"func@0x1c0093190","0","0","2000000","0","0","0","0","0","0","0","0"
"func@0x140036740","0","0","2000000","0","0","0","0","0","0","0","0"
"func@0x1c0069e90","0","0","0","0","0","0","0","40000","0","0","0"
"func@0x1402971b0","0","2000000","0","0","0","0","0","0","80000","0","0"
"func@0x140360233","0","0","2000000","0","0","0","0","0","0","0","0"
"ExAcquireRundownProtectionCacheAwareEx","0","0","0","0","0","200000","0","0","0","0","0"
"func@0x140072d40","0","2000000","0","0","0","0","0","0","0","0","0"
"func@0x140230640","0","8000000","4000000","20000","0","200000","0","0","80000","40000","40000"
"func@0x1c006f180","0","2000000","0","0","0","0","0","0","0","0","0"
"func@0x14014dd9f","0","0","0","0","0","0","0","0","0","0","40000"
"func@0x1402b44f0","0","4000000","2000000","0","0","0","0","0","40000","0","80000"
"func@0x14022c970","0","4000000","8000000","0","0","0","0","0","0","0","0"
"func@0x140148b80","0","4000000","4000000","0","0","200000","0","0","0","0","0"
"func@0x14019c010","0","4000000","4000000","0","0","200000","0","0","0","0","0"
"func@0x1c0016620","0","0","0","0","0","200000","0","0","0","0","0"
"func@0x1c0014730","0","0","0","0","0","0","0","0","40000","0","0"
"func@0x1c001d03f","0","28000000","32000000","0","0","0","0","0","0","0","0"
"func@0x1402b06e4","0","2000000","0","0","0","0","0","0","0","0","0"
"RtlLeaveCriticalSection","0","0","0","0","0","0","0","0","0","0","40000"
"NtWaitForSingleObject","0","0","0","0","0","200000","0","0","0","0","0"
"NtAllocateVirtualMemory","0","0","0","0","0","200000","0","0","0","0","0"
"func@0x18000e550","0","0","0","0","0","200000","0","0","0","0","0"
"func@0x1401f8490","0","10000000","2000000","0","0","0","0","0","40000","0","40000"
"func@0x140034200","0","0","0","0","0","200000","0","0","0","0","0"
"RtlFindActivationContextSectionString","0","0","0","0","0","200000","0","0","0","0","0"
"func@0x1c00501fc","0","0","2000000","0","0","200000","0","0","0","0","0"
"GdiDllInitialize","0","2000000","0","0","0","0","0","0","0","0","0"
"func@0x14004e2c0","0","0","0","0","0","200000","0","0","0","0","0"
"func@0x1c0021bb0","0","2000000","0","0","0","0","0","0","0","0","0"
"func@0x1c002c210","0","2000000","2000000","0","0","0","0","0","0","0","0"
"func@0x1c002c580","0","0","2000000","0","0","0","0","0","0","0","0"
"func@0x18002040c","0","2000000","0","0","0","0","0","0","0","0","0"
"func@0x140049100","0","0","0","0","0","0","200000","0","0","0","0"
"RtlInitAnsiString","0","0","0","0","0","200000","0","0","0","0","0"
"func@0x1c0013d44","0","0","4000000","0","0","0","0","0","0","0","0"
"func@0x1c0010538","0","0","4000000","0","0","0","0","40000","0","0","0"
"func@0x180030d98","0","0","0","0","0","200000","0","0","0","0","0"
"func@0x140079f27","0","0","0","0","0","200000","0","0","0","0","0"
"func@0x140042050","0","0","0","0","0","200000","0","0","0","0","0"
"ExAcquirePushLockExclusiveEx","0","0","2000000","0","0","200000","0","0","0","0","0"
"func@0x140478620","0","2000000","0","0","0","0","0","0","0","0","0"
"IoGetCurrentProcess","0","32000000","24000000","680000","0","0","0","0","0","0","0"
"func@0x1402085f0","0","8000000","2000000","0","200000","0","0","0","0","0","0"
"func@0x1400a98d0","0","0","0","0","0","200000","0","0","0","0","0"
"func@0x1402059a0","0","6000000","6000000","0","0","200000","0","0","0","0","40000"
"func@0x1402b5a70","0","10000000","8000000","20000","200000","0","0","0","0","0","40000"
"func@0x1c00670b0","0","0","2000000","0","0","0","0","0","0","0","0"
"func@0x1c0001000","0","2000000","0","0","0","0","0","0","0","0","0"
"func@0x14017cb30","0","4000000","10000000","20000","0","200000","0","0","40000","0","0"
"func@0x1c0001300","0","2000000","0","0","0","0","0","0","0","0","0"
"func@0x1c0001000","0","0","2000000","0","0","0","0","0","0","0","0"
"func@0x1c0001000","0","0","2000000","0","0","200000","0","0","0","0","0"
"EtwEventEnabled","0","0","2000000","20000","0","0","0","40000","0","0","0"
"func@0x14001de28","0","0","2000000","0","0","0","0","0","0","0","0"
"func@0x14000d14b","0","0","2000000","0","0","0","0","0","0","0","0"
"func@0x140085bc8","0","2000000","0","0","0","0","0","0","0","0","0"
"ExReleaseRundownProtectionCacheAware","0","2000000","2000000","0","0","0","0","0","40000","0","0"
"func@0x1402ac430","0","8000000","6000000","0","0","0","0","0","80000","0","40000"
"func@0x14001d394","0","0","2000000","0","0","0","0","0","0","0","0"
"func@0x14008e39b","0","4000000","0","0","0","0","0","0","0","0","0"
"func@0x14001d3a5","0","0","2000000","0","0","0","0","0","0","0","0"
"func@0x1c0025450","0","0","2000000","0","0","0","0","0","40000","0","0"
"func@0x14000c8ff","0","0","2000000","0","0","0","0","0","0","0","0"
"func@0x1401389ec","0","0","2000000","0","0","0","0","0","0","0","0"
"func@0x140001d2c","0","0","0","0","0","200000","0","0","0","0","0"
"func@0x14000cfc7","0","2000000","0","0","0","0","0","0","0","0","0"
"func@0x1400014e4","0","2000000","2000000","0","0","0","0","0","0","0","0"
"func@0x1c0024e80","0","2000000","2000000","0","0","0","200000","0","0","0","0"
"func@0x1c00251d0","0","12000000","4000000","0","0","0","0","0","0","0","0"
"DpiGetDxgAdapter","0","20000000","14000000","0","0","200000","0","0","0","40000","0"
"func@0x14015b4e0","0","2000000","0","0","0","200000","0","0","0","0","0"
"func@0x140013848","0","2000000","0","0","0","0","0","0","0","0","0"
"func@0x140154842","0","0","2000000","0","0","0","0","0","0","0","0"
"ExAcquireRundownProtectionCacheAware","0","0","0","0","0","0","0","0","0","0","40000"
"func@0x1400060d0","0","6000000","0","0","0","200000","0","0","0","0","0"
"func@0x14010b0d0","0","2000000","0","0","0","0","0","0","0","0","0"
"func@0x1401306b0","0","12000000","0","0","0","200000","0","0","0","0","0"
"func@0x1c001e788","0","6000000","12000000","0","0","200000","0","0","0","0","0"
"func@0x1c0047740","0","0","2000000","0","0","0","0","0","0","0","0"
"func@0x1c00011c8","0","0","2000000","0","0","0","0","0","0","0","0"
"ObfDereferenceObject","0","0","2000000","0","0","0","0","0","0","0","0"
"RtlLookupEntryHashTable","0","0","2000000","0","0","0","0","0","0","0","0"
"func@0x1c0006b8c","0","2000000","0","0","0","0","0","0","0","0","0"
"func@0x1c000b0c8","0","2000000","0","0","0","0","0","0","0","0","0"
"func@0x1c009eed0","0","0","2000000","0","0","0","0","0","0","0","0"
"func@0x1c00073a0","0","2000000","0","0","0","0","0","0","0","0","0"
"func@0x1400d6c88","0","6000000","4000000","20000","0","0","0","0","0","0","0"
"func@0x1400ffa37","0","2000000","0","0","0","0","0","0","0","0","0"
"func@0x1c0009e00","0","0","0","0","0","0","0","0","40000","0","0"
"func@0x1404f7660","0","2000000","0","0","0","0","0","0","0","0","0"
"func@0x1c00268c0","0","0","2000000","0","0","200000","0","0","0","0","0"
"func@0x140178cd0","0","6000000","0","0","0","0","0","0","0","0","40000"
"func@0x14009bd10","0","2000000","4000000","0","0","200000","0","0","40000","0","0"
"FltGetStreamHandleContext","0","2000000","0","0","0","0","0","0","0","0","0"
"func@0x140129be0","0","0","0","0","0","200000","0","0","0","0","0"
"func@0x1c0009980","0","0","2000000","0","0","0","0","0","0","0","0"
"KeQueryActiveProcessorCountEx","0","0","0","0","0","0","0","0","0","40000","0"
"func@0x1c00d3000","0","0","2000000","0","0","0","0","0","0","0","0"
"KeQueryTimeIncrement","0","0","2000000","0","0","0","0","0","0","0","0"
"KeSynchronizeExecution","0","2000000","0","20000","0","0","0","0","40000","80000","0"
"func@0x140098178","0","0","0","0","0","0","0","0","40000","0","0"
"func@0x140103c84","0","0","0","0","0","200000","0","0","0","0","0"
"func@0x1c0007570","0","0","2000000","0","0","0","0","0","0","0","0"
"func@0x1400cf4e0","0","2000000","0","0","0","0","0","0","0","0","0"
"func@0x140040f60","0","0","0","0","0","200000","0","0","0","0","0"
"func@0x1c0002e40","0","0","0","0","0","0","0","0","40000","0","0"
"func@0x1400697e0","0","0","2000000","0","0","0","0","0","0","0","0"
"func@0x1c000aca0","0","2000000","0","0","0","0","0","0","0","0","0"
"func@0x14009c348","0","2000000","0","0","0","0","0","0","0","0","0"
"func@0x14009bc40","0","4000000","0","0","0","0","0","0","40000","0","0"
"func@0x140103430","0","0","0","20000","0","200000","0","0","0","0","0"
"func@0x1c0021003","0","0","2000000","0","0","0","0","0","0","0","0"
"func@0x1401183e8","0","4000000","10000000","0","0","0","0","0","0","0","0"
"func@0x140128c54","0","2000000","0","0","0","0","200000","0","0","0","0"
"func@0x18000878f","0","4000000","4000000","20000","0","0","0","0","0","0","0"
"func@0x1c000a890","0","0","2000000","0","0","0","0","0","0","0","0"
"IoGetStackLimits","0","2000000","0","0","0","0","0","0","0","0","0"
"func@0x1c0028c04","0","0","2000000","0","0","0","0","0","0","0","0"
"func@0x1c0016cd0","0","2000000","2000000","0","0","0","0","0","0","0","0"
"func@0x1c0001d80","0","4000000","4000000","0","0","0","0","0","0","0","0"
"func@0x1c001ae50","0","4000000","0","0","0","0","0","0","0","0","0"
"func@0x1c00014f0","0","0","2000000","0","0","200000","0","0","40000","0","0"
"func@0x140029f00","0","0","2000000","0","0","0","0","0","40000","0","0"
"HalAcquireDisplayOwnership","0","12000000","4000000","0","0","200000","0","0","400000","120000","0"
"KeCountSetBitsAffinityEx","0","2000000","0","0","0","0","0","0","0","0","0"
"func@0x1401b157d","0","0","0","0","0","0","0","40000","0","0","0"
"func@0x1401275bc","0","2000000","0","0","0","0","0","0","0","0","0"
"func@0x1c00038a0","0","2000000","0","0","0","0","0","0","0","0","0"
"func@0x1c001f5a9","0","0","2000000","0","0","0","0","0","0","0","0"
"func@0x1c0002da0","0","0","0","0","200000","0","0","0","0","0","0"
"func@0x14002839c","0","4000000","2000000","0","0","200000","0","40000","0","0","0"
"func@0x14009e518","0","6000000","0","0","0","0","0","0","0","0","0"
"_stdio_common_vfprintf","0","0","0","0","0","0","0","0","0","40000","0"
"func@0x18001fed0","0","0","2000000","0","0","0","0","0","0","0","0"
"func@0x14012f320","0","8000000","16000000","0","0","0","0","0","0","0","0"
"free_base","0","0","0","0","0","0","0","0","40000","0","0"
"func@0x1c000209b","0","2000000","0","0","0","0","0","0","0","0","40000"
"func@0x1400d27c0","0","0","0","0","0","200000","0","0","0","0","0"
"func@0x1c0057754","0","0","2000000","0","0","0","0","0","0","0","0"
"func@0x1800790cc","0","2000000","0","0","0","0","0","0","0","0","0"
"func@0x14000d984","0","0","0","0","0","0","0","0","0","0","40000"
"func@0x140149340","0","8000000","6000000","0","0","0","0","0","0","0","0"
"func@0x180002df4","0","2000000","0","0","0","0","0","0","0","0","0"
"KeIsAttachedProcess","0","4000000","0","0","0","0","0","0","0","0","0"
"func@0x1400b41f8","0","0","4000000","0","0","0","0","0","0","0","0"
"func@0x1c0006790","0","2000000","0","20000","0","0","0","0","0","0","0"
"NdisGetSystemUpTimeEx","0","2000000","0","0","0","0","0","0","0","0","0"
"func@0x4e4b8","0","0","2000000","0","0","0","0","0","0","0","0"
"ExGetCurrentProcessorCounts","0","0","0","0","0","0","0","40000","0","0","0"
"func@0x1c0023060","0","0","2000000","0","0","0","0","0","0","0","0"
"func@0x140103dde","0","0","0","0","0","0","0","0","40000","0","0"
"func@0x1400bb710","0","2000000","2000000","0","0","200000","0","0","0","80000","0"
"func@0x14007fe20","0","2000000","0","0","0","0","0","0","0","0","0"
"func@0x1400cf7c0","0","0","2000000","0","0","0","0","0","0","0","0"
"NdisSetTimerObject","0","0","2000000","0","0","0","0","0","0","0","0"
"func@0x14001346c","0","2000000","0","0","0","0","0","0","0","0","0"
"CcCanIWrite","0","4000000","0","0","0","0","0","0","0","0","0"
"NdisAcquireRWLockRead","0","0","0","0","0","0","0","0","40000","0","0"
"func@0x140233e30","0","4000000","2000000","0","0","200000","0","40000","0","0","0"
"func@0x1400ef2d0","0","0","2000000","0","0","0","0","0","0","0","0"
"StorPortNotification","0","4000000","0","0","0","0","0","0","0","0","0"
"TlsSetValue","0","2000000","8000000","0","0","0","0","0","0","0","0"
"func@0x14006dad7","0","0","2000000","0","0","0","0","0","0","0","0"
"KeClearEvent","0","0","2000000","0","0","0","0","0","0","0","0"
"func@0x140179490","0","0","0","0","0","200000","0","0","0","0","0"
"func@0x1400c13c0","0","0","4000000","0","0","0","0","0","0","0","0"
"func@0x1c000b018","0","0","2000000","0","0","0","0","0","0","0","0"
"func@0x1c001c420","0","0","2000000","0","0","0","0","0","0","0","0"
"func@0x1400c6510","0","2000000","0","0","0","0","0","0","0","0","0"
"MmUnmapLockedPages","0","2000000","0","0","0","0","0","0","0","0","0"
"func@0x140176ab0","0","0","2000000","20000","0","0","0","0","0","0","0"
"SeReportSecurityEventWithSubCategory","0","0","0","20000","0","0","0","0","0","0","0"
"func@0x1404f7c50","0","0","0","20000","0","0","0","0","0","0","0"
"func@0x140019e70","0","0","2000000","0","0","0","0","0","0","0","0"
"func@0x140028984","0","0","2000000","0","0","0","0","0","0","0","0"
"func@0x140479bc0","0","2000000","0","0","0","0","0","0","0","0","0"
"func@0x1c0014e70","0","0","2000000","0","0","0","0","0","0","0","0"
"RtlCopyMemoryNonTemporal","0","0","0","0","0","200000","0","0","0","0","0"
"func@0x1401b8777","0","0","0","0","0","200000","0","0","0","0","0"
"func@0x140038e80","0","6000000","0","0","0","0","0","0","0","0","0"
"func@0x1400afef0","0","2000000","0","0","0","0","0","0","0","0","0"
"func@0x1400d711c","0","2000000","0","0","0","0","0","0","0","0","0"
"func@0x140109660","0","0","0","0","0","200000","0","0","0","0","0"
"IoAllocateMdl","0","2000000","0","0","0","0","0","0","0","40000","0"
"KfdGetLayerCacheEpoch","0","0","0","0","0","200000","0","0","0","0","0"
"MmBuildMdlForNonPagedPool","0","0","2000000","0","0","0","0","0","0","0","0"
"func@0x1400549f0","0","0","0","0","0","200000","0","0","0","0","0"
"func@0x1c000dca0","0","2000000","0","0","0","0","0","0","0","0","0"
"func@0x14019bfa6","0","2000000","2000000","0","0","0","0","0","0","0","0"
"func@0x14009e49c","0","2000000","0","0","0","0","0","0","0","0","0"
"func@0x1c0011f00","0","2000000","0","0","0","0","0","0","0","0","0"
"KfdIsLayerEmpty","0","2000000","0","0","0","0","0","0","0","0","0"
"RtlUpdateCurrentTimerWheelTick","0","2000000","0","0","0","0","0","0","0","0","0"
"func@0x14012f4f8","0","2000000","4000000","0","0","0","0","0","0","0","0"
"WfpNblInfoGet","0","2000000","0","0","0","0","0","0","0","0","0"
"func@0x1400363e0","0","2000000","0","0","0","0","0","0","0","0","0"
"func@0x1c00056d0","0","2000000","0","0","0","0","0","0","0","0","0"
"func@0x1400482f0","0","2000000","0","0","0","0","0","0","0","0","0"
"func@0x1c0003670","0","2000000","0","0","0","0","0","0","0","0","0"
"func@0x1404456d0","0","0","2000000","0","0","0","0","0","0","0","0"
"func@0x14047a3c0","0","2000000","0","0","0","0","0","0","0","0","0"
"func@0x1400feeaf","0","2000000","0","0","0","0","0","0","0","0","0"
"ExIsResourceAcquiredExclusiveLite","0","0","0","0","0","0","0","40000","0","0","0"
"func@0x1400d9644","0","0","0","0","0","200000","0","0","0","0","0"
"func@0x1c0002f3e","0","0","2000000","0","0","0","0","0","0","0","0"
